,gross_profit_growth_q,ebit_growth_q,net_income_growth_q,eps_growth_q,eps_diluted_growth_q,operating_cash_flow_growth_q,asset_growth_q,book_value_per_share_growth_q,debt_growth_q,trade_and_non-trade_receivables_growth_q,inventory_growth_q,dividends_per_basic_common_share_growth_q,free_cash_flow_growth_q,research_and_development_(r&d)_expenses_growth_q,"selling,_general_and_administrative_(sg&a)_expenses_growth_q",operating_income_growth_q,weighted_average_shares_growth_q,revenue_q,revenue_growth_q,cost_of_revenue_q,gross_profit_q,research_and_development_(r&d)_expenses_q,"selling,_general_and_administrative_(sg&a)_expenses_q",operating_expenses_q,operating_income_q,interest_expense_q,earnings_before_tax_q,income_tax_expense_q,net_income_to_non-controlling_interests_q,net_income_from_discontinued_operations_q,net_income_q,preferred_dividends_income_statement_impact_q,net_income_common_q,eps_q,eps_diluted_q,weighted_average_shares_q,dividends_per_common_share_q,gross_margin_q,ebit_margin_q,free_cash_flow_margin_q,ebitda_q,ebit_q,consolidated_income_q,revenue_t,revenue_growth_t,cost_of_revenue_t,gross_profit_t,research_and_development_(r&d)_expenses_t,"selling,_general_and_administrative_(sg&a)_expenses_t",operating_expenses_t,operating_income_t,interest_expense_t,earnings_before_tax_t,income_tax_expense_t,net_income_to_non-controlling_interests_t,net_income_from_discontinued_operations_t,net_income_t,preferred_dividends_income_statement_impact_t,net_income_common_t,eps_t,eps_diluted_t,weighted_average_shares_t,dividends_per_common_share_t,gross_margin_t,ebit_margin_t,free_cash_flow_margin_t,ebitda_t,ebit_t,consolidated_income_t,book_value_per_share_q,tangible_book_value_per_share_q,fcf_per_share_q,interest_debt_per_share_q,cash_per_share_q,debt_to_equity_ratio_q,total_debt_to_total_assets_q,interest_coverage_q,income_quality_q,payout_ratio_q,intangible_assets_out_of_total_assets_q,"selling,_general_and_administrative_expense_of_revenue_q",research_and_development_expense_of_revenue_q,tangible_asset_value_q,invested_capital_q,average_receivables_q,average_payables_q,average_inventory_q,capex/operating_cf_q,share_based_compensation_of_revenue_q,capex/revenue_q,capex/deprecation_q,roe_t,roa_t,asset_turnover_t,income_quality_t,average_days_of_payables_t,average_days_of_receivables_t,days_of_inventory_on_hand_t,account_receivables_turnover_t,account_payables_turnover_t,inventory_turnover_t,payout_ratio_t,ev/ebit_t,"selling,_general_and_administrative_expense_of_revenue_t",research_and_development_expense_of_revenue_t,invested_capital_average_t,average_equity_t,average_assets_t,fcf_per_share_t,sales_per_share_t,interest_coverage_t,capex/operating_cf_t,share_based_compensation_of_revenue_t,capex/revenue_t,capex/deprecation_t,ticker,price,sma_50,market_cap
2018-06-30,0.0,0.3638,0.4005,0.3721,0.3721,0.6365,0.0651,0.0523,0.0,0.0,0.0,0.587,0.6365,0.0,0.0,0.0,0.0121,0.0,0.0,0.0,0.0,0.0,0.0,0.0,0.0,0.0,65388000.0,6931000.0,0.0,0.0,58457000.0,0.0,58457000.0,0.59,0.59,97643743.0,0.73,0.0,0.0,0.0,65388000.0,65388000.0,58457000.0,0.0,0.0,0.0,0.0,0.0,0.0,0.0,0.0,0.0,265866000.0,27478000.0,0.0,0.0,238388000.0,0.0,238388000.0,2.49,2.49,97643743.0,2.57,0.0,0.0,0.0,265866000.0,265866000.0,238388000.0,15.713,15.72,0.745,0.0,0.0,0.0,0.0,0.0,1.2447,1.237,0.0,0.0,0.0,1534935000.0,1534935000.0,0.0,0.0,0.0,0.0,0.0,0.0,0.0,0.157,0.157,0.0,1.034,0.0,0.0,0.0,0.0,0.0,0.0,1.032,10.0,0.0,0.0,1520536250.0,1520003000.0,1520536250.0,2.524,0.0,0.0,0.0,0.0,0.0,0.0,AB,28.549999,28.53714305714286,2787728765.006257
2018-03-31,0.0,0.3228,0.3245,0.3043,0.3043,0.2454,0.0322,0.0344,0.0,0.0,0.0,0.2537,0.2454,0.0,0.0,0.0,-0.002,0.0,0.0,0.0,0.0,0.0,0.0,0.0,0.0,0.0,65698000.0,7538000.0,0.0,0.0,58160000.0,0.0,58160000.0,0.6,0.6,96461989.0,0.84,0.0,0.0,0.0,65698000.0,65698000.0,58160000.0,0.0,0.0,0.0,0.0,0.0,0.0,0.0,0.0,0.0,248425000.0,26753000.0,0.0,0.0,221672000.0,0.0,221672000.0,2.33,2.33,96461989.0,2.3,0.0,0.0,0.0,248425000.0,248425000.0,221672000.0,16.18,16.181,0.83,0.0,0.0,0.0,0.0,0.0,1.3773,1.4,0.0,0.0,0.0,1560834000.0,1560834000.0,0.0,0.0,0.0,0.0,0.0,0.0,0.0,0.148,0.148,0.0,0.9843,0.0,0.0,0.0,0.0,0.0,0.0,0.987,10.0,0.0,0.0,1497067000.0,1496554250.0,1497067000.0,2.262,0.0,0.0,0.0,0.0,0.0,0.0,AB,26.85,26.62499991176471,2590004404.65
2017-12-31,0.0,0.0902,0.0816,0.0909,0.1053,0.1197,0.0027,0.0151,0.0,0.0,0.0,0.1333,0.1197,0.0,0.0,0.0,-0.0126,0.0,0.0,0.0,0.0,0.0,0.0,0.0,0.0,0.0,85725000.0,7132000.0,0.0,0.0,78593000.0,0.0,78593000.0,0.84,0.84,93626313.0,0.51,0.0,0.0,0.0,85725000.0,85725000.0,78593000.0,0.0,0.0,0.0,0.0,0.0,0.0,0.0,0.0,0.0,232393000.0,24971000.0,0.0,0.0,207422000.0,0.0,207422000.0,2.19,2.19,93626313.0,2.13,0.0,0.0,0.0,232393000.0,232393000.0,207422000.0,16.486,16.499,0.509,0.0,0.0,0.0,0.0,0.0,0.6059,0.607,0.0,0.0,0.0,1544704000.0,1544704000.0,0.0,0.0,0.0,0.0,0.0,0.0,0.0,0.14,0.14,0.0,0.9758,0.0,0.0,0.0,0.0,0.0,0.0,0.973,10.0,0.0,0.0,1484901250.0,1484341750.0,1484901250.0,2.162,0.0,0.0,0.0,0.0,0.0,0.0,AB,25.049999,25.28484839393939,2345339047.023687
2017-09-30,0.0,-0.1228,-0.1409,-0.1154,-0.1154,0.1861,-0.0227,0.0091,0.0,0.0,0.0,0.225,0.1861,0.0,0.0,0.0,-0.0314,0.0,0.0,0.0,0.0,0.0,0.0,0.0,0.0,0.0,49055000.0,5877000.0,0.0,0.0,43178000.0,0.0,43178000.0,0.46,0.46,93503142.0,0.49,0.0,0.0,0.0,49055000.0,49055000.0,43178000.0,0.0,0.0,0.0,0.0,0.0,0.0,0.0,0.0,0.0,225298000.0,23805000.0,0.0,0.0,201493000.0,0.0,201493000.0,2.12,2.11,93503142.0,2.07,0.0,0.0,0.0,225298000.0,225298000.0,201493000.0,15.416,15.418,0.492,0.0,0.0,0.0,0.0,0.0,1.0656,1.065,0.0,0.0,0.0,1441672000.0,1441672000.0,0.0,0.0,0.0,0.0,0.0,0.0,0.0,0.136,0.136,0.0,0.9793,0.0,0.0,0.0,0.0,0.0,0.0,0.976,10.0,0.0,0.0,1483852250.0,1483426500.0,1483852250.0,2.11,0.0,0.0,0.0,0.0,0.0,0.0,AB,24.299999,23.76714297142858,2272126257.096858
2017-06-30,0.0,0.0737,0.0683,0.075,0.075,0.3786,-0.0513,-0.0327,0.0,0.0,0.0,0.15,0.3786,0.0,0.0,0.0,-0.0194,0.0,0.0,0.0,0.0,0.0,0.0,0.0,0.0,0.0,47947000.0,6206000.0,0.0,0.0,41741000.0,0.0,41741000.0,0.43,0.43,96473204.0,0.46,0.0,0.0,0.0,47947000.0,47947000.0,41741000.0,0.0,0.0,0.0,0.0,0.0,0.0,0.0,0.0,0.0,232168000.0,23595000.0,0.0,0.0,208573000.0,0.0,208573000.0,2.18,2.17,96473204.0,1.98,0.0,0.0,0.0,232168000.0,232168000.0,208573000.0,14.932,14.937,0.461,0.0,0.0,0.0,0.0,0.0,1.0652,1.07,0.0,0.0,0.0,1441058000.0,1441058000.0,0.0,0.0,0.0,0.0,0.0,0.0,0.0,0.14,0.14,0.0,0.9114,0.0,0.0,0.0,0.0,0.0,0.0,0.908,10.0,0.0,0.0,1492219000.0,1491760500.0,1492219000.0,1.971,0.0,0.0,0.0,0.0,0.0,0.0,AB,23.65,22.466666555555552,2281591274.6
2017-03-31,0.0,-0.1747,-0.1957,-0.1636,-0.1636,0.1494,-0.0349,0.0026,0.0,0.0,0.0,0.34,0.1494,0.0,0.0,0.0,-0.0339,0.0,0.0,0.0,0.0,0.0,0.0,0.0,0.0,0.0,49666000.0,5756000.0,0.0,0.0,43910000.0,0.0,43910000.0,0.46,0.46,96652190.0,0.67,0.0,0.0,0.0,49666000.0,49666000.0,43910000.0,0.0,0.0,0.0,0.0,0.0,0.0,0.0,0.0,0.0,228878000.0,22974000.0,0.0,0.0,205904000.0,0.0,205904000.0,2.15,2.14,96652190.0,1.92,0.0,0.0,0.0,228878000.0,228878000.0,205904000.0,15.642,15.645,0.665,0.0,0.0,0.0,0.0,0.0,1.4648,1.457,0.0,0.0,0.0,1512171000.0,1512171000.0,0.0,0.0,0.0,0.0,0.0,0.0,0.0,0.136,0.136,0.0,0.8639,0.0,0.0,0.0,0.0,0.0,0.0,0.893,10.0,0.0,0.0,1511681000.0,1511319500.0,1511681000.0,1.841,0.0,0.0,0.0,0.0,0.0,0.0,AB,22.85,22.98333352777778,2208502541.5
2016-12-31,0.0,0.3821,0.4224,0.4528,0.4615,-0.011,-0.0226,0.0077,0.0,0.0,0.0,0.0465,-0.011,0.0,0.0,0.0,-0.0302,0.0,0.0,0.0,0.0,0.0,0.0,0.0,0.0,0.0,78630000.0,5966000.0,0.0,0.0,72664000.0,0.0,72664000.0,0.77,0.76,94816915.0,0.45,0.0,0.0,0.0,78630000.0,78630000.0,72664000.0,0.0,0.0,0.0,0.0,0.0,0.0,0.0,0.0,0.0,239389000.0,22803000.0,0.0,0.0,216586000.0,0.0,216586000.0,2.24,2.23,94816915.0,1.75,0.0,0.0,0.0,239389000.0,239389000.0,216586000.0,16.241,16.247,0.449,0.0,0.0,0.0,0.0,0.0,0.5853,0.584,0.0,0.0,0.0,1540508000.0,1540508000.0,0.0,0.0,0.0,0.0,0.0,0.0,0.0,0.142,0.142,0.0,0.7827,0.0,0.0,0.0,0.0,0.0,0.0,0.781,9.0,0.0,0.0,1525350000.0,1523579000.0,1525350000.0,1.788,0.0,0.0,0.0,0.0,0.0,0.0,AB,23.450001,23.15000005882353,2223456751.566915
2016-09-30,0.0,0.1558,0.1942,0.2381,0.2381,-0.1771,-0.0332,0.0085,0.0,0.0,0.0,-0.1667,-0.1771,0.0,0.0,0.0,-0.0415,0.0,0.0,0.0,0.0,0.0,0.0,0.0,0.0,0.0,55925000.0,5667000.0,0.0,0.0,50258000.0,0.0,50258000.0,0.52,0.52,96534649.0,0.4,0.0,0.0,0.0,55925000.0,55925000.0,50258000.0,0.0,0.0,0.0,0.0,0.0,0.0,0.0,0.0,0.0,217649000.0,22640000.0,0.0,0.0,195009000.0,0.0,195009000.0,2.0,1.99,96534649.0,1.73,0.0,0.0,0.0,217649000.0,217649000.0,195009000.0,15.277,15.281,0.402,0.0,0.0,0.0,0.0,0.0,0.7718,0.769,0.0,0.0,0.0,1475139000.0,1475139000.0,0.0,0.0,0.0,0.0,0.0,0.0,0.0,0.127,0.127,0.0,0.8718,0.0,0.0,0.0,0.0,0.0,0.0,0.865,10.0,0.0,0.0,1534253000.0,1532568250.0,1534253000.0,1.761,0.0,0.0,0.0,0.0,0.0,0.0,AB,22.799999,22.174722277777782,2200989900.665351
2016-06-30,0.0,-0.1792,-0.1898,-0.1667,-0.1667,-0.1827,-0.0582,-0.0393,0.0,0.0,0.0,-0.1111,-0.1827,0.0,0.0,0.0,-0.0194,0.0,0.0,0.0,0.0,0.0,0.0,0.0,0.0,0.0,44657000.0,5585000.0,0.0,0.0,39072000.0,0.0,39072000.0,0.4,0.4,98381192.0,0.4,0.0,0.0,0.0,44657000.0,44657000.0,39072000.0,0.0,0.0,0.0,0.0,0.0,0.0,0.0,0.0,0.0,210111000.0,23274000.0,0.0,0.0,186837000.0,0.0,186837000.0,1.9,1.89,98381192.0,1.81,0.0,0.0,0.0,210111000.0,210111000.0,186837000.0,15.437,15.439,0.328,0.0,0.0,0.0,0.0,0.0,0.8255,1.0,0.0,0.0,0.0,1518906000.0,1518906000.0,0.0,0.0,0.0,0.0,0.0,0.0,0.0,0.121,0.121,0.0,0.9546,0.0,0.0,0.0,0.0,0.0,0.0,0.953,11.0,0.0,0.0,1546929750.0,1545264500.0,1546929750.0,1.813,0.0,0.0,0.0,0.0,0.0,0.0,AB,23.299999,23.00444441666667,2292281675.218808
2016-03-31,0.0,0.1659,0.1976,0.2222,0.2222,-0.1144,-0.0239,-0.0168,0.0,0.0,0.0,-0.1228,-0.1144,0.0,0.0,0.0,-0.0071,0.0,0.0,0.0,0.0,0.0,0.0,0.0,0.0,0.0,60177000.0,5585000.0,0.0,0.0,54592000.0,0.0,54592000.0,0.55,0.55,100044485.0,0.5,0.0,0.0,0.0,60177000.0,60177000.0,54592000.0,0.0,0.0,0.0,0.0,0.0,0.0,0.0,0.0,0.0,219863000.0,23874000.0,0.0,0.0,195989000.0,0.0,195989000.0,1.98,1.97,100044485.0,1.86,0.0,0.0,0.0,219863000.0,219863000.0,195989000.0,15.602,15.662,0.559,0.0,0.0,0.0,0.0,0.0,1.0251,0.909,0.0,0.0,0.0,1566847000.0,1566847000.0,0.0,0.0,0.0,0.0,0.0,0.0,0.0,0.125,0.125,0.0,0.9468,0.0,0.0,0.0,0.0,0.0,0.0,0.939,11.0,0.0,0.0,1570388000.0,1568613750.0,1570388000.0,1.855,0.0,0.0,0.0,0.0,0.0,0.0,AB,23.43,20.829714514285712,2344042283.55
2015-12-31,0.0,-0.0707,-0.0765,-0.0536,-0.0877,-0.0056,-0.0318,-0.0378,0.0,0.0,0.0,-0.0444,-0.0056,0.0,0.0,0.0,0.0063,0.0,0.0,0.0,0.0,0.0,0.0,0.0,0.0,0.0,56890000.0,5803000.0,0.0,0.0,51087000.0,0.0,51087000.0,0.53,0.52,97772578.0,0.43,0.0,0.0,0.0,56890000.0,56890000.0,51087000.0,0.0,0.0,0.0,0.0,0.0,0.0,0.0,0.0,0.0,210084000.0,24320000.0,0.0,0.0,185764000.0,0.0,185764000.0,1.87,1.86,97772578.0,1.93,0.0,0.0,0.0,210084000.0,210084000.0,185764000.0,16.117,16.12,0.44,0.0,0.0,0.0,0.0,0.0,0.8417,0.811,0.0,0.0,0.0,1576120000.0,1576120000.0,0.0,0.0,0.0,0.0,0.0,0.0,0.0,0.118,0.118,0.0,1.0378,0.0,0.0,0.0,0.0,0.0,0.0,1.032,11.0,0.0,0.0,1579999500.0,1578109000.0,1579999500.0,1.972,0.0,0.0,0.0,0.0,0.0,0.0,AB,23.85,24.282000114285708,2331875985.3
2015-09-30,0.0,-0.0299,-0.0464,-0.0667,-0.0667,0.0922,-0.0069,-0.0451,0.0,0.0,0.0,0.0667,0.0922,0.0,0.0,0.0,0.0403,0.0,0.0,0.0,0.0,0.0,0.0,0.0,0.0,0.0,48387000.0,6301000.0,0.0,0.0,42086000.0,0.0,42086000.0,0.42,0.42,100712572.0,0.48,0.0,0.0,0.0,48387000.0,48387000.0,42086000.0,0.0,0.0,0.0,0.0,0.0,0.0,0.0,0.0,0.0,215629000.0,24413000.0,0.0,0.0,191216000.0,0.0,191216000.0,1.91,1.92,100712572.0,1.95,0.0,0.0,0.0,215629000.0,215629000.0,191216000.0,15.148,15.151,0.468,0.0,0.0,0.0,0.0,0.0,1.1201,1.143,0.0,0.0,0.0,1525846000.0,1525846000.0,0.0,0.0,0.0,0.0,0.0,0.0,0.0,0.12,0.12,0.0,1.0095,0.0,0.0,0.0,0.0,0.0,0.0,1.021,12.0,0.0,0.0,1592942500.0,1591025000.0,1592942500.0,1.917,0.0,0.0,0.0,0.0,0.0,0.0,AB,26.6,26.824722194444448,2678954415.2000003
2015-06-30,0.0,0.1226,0.1253,0.0909,0.0909,0.2711,0.0505,0.0075,0.0,0.0,0.0,0.1538,0.2711,0.0,0.0,0.0,0.0425,0.0,0.0,0.0,0.0,0.0,0.0,0.0,0.0,0.0,54409000.0,6185000.0,0.0,0.0,48224000.0,0.0,48224000.0,0.48,0.48,100324540.0,0.45,0.0,0.0,0.0,54409000.0,54409000.0,48224000.0,0.0,0.0,0.0,0.0,0.0,0.0,0.0,0.0,0.0,217118000.0,23854000.0,0.0,0.0,193264000.0,0.0,193264000.0,1.94,1.95,100324540.0,1.92,0.0,0.0,0.0,217118000.0,217118000.0,193264000.0,16.069,16.075,0.393,0.0,0.0,0.0,0.0,0.0,0.8183,0.938,0.0,0.0,0.0,1612739000.0,1612739000.0,0.0,0.0,0.0,0.0,0.0,0.0,0.0,0.121,0.121,0.0,0.9782,0.0,0.0,0.0,0.0,0.0,0.0,0.99,14.0,0.0,0.0,1595587000.0,1593599750.0,1595587000.0,1.884,0.0,0.0,0.0,0.0,0.0,0.0,AB,29.530001000000002,30.822222166666663,2962583766.5245404
2015-03-31,0.0,0.2476,0.2607,0.1842,0.1842,-0.0043,0.0543,0.0047,0.0,0.0,0.0,-0.05,-0.0043,0.0,0.0,0.0,0.0492,0.0,0.0,0.0,0.0,0.0,0.0,0.0,0.0,0.0,51616000.0,6031000.0,0.0,0.0,45585000.0,0.0,45585000.0,0.45,0.45,100756999.0,0.57,0.0,0.0,0.0,51616000.0,51616000.0,45585000.0,0.0,0.0,0.0,0.0,0.0,0.0,0.0,0.0,0.0,211176000.0,23282000.0,0.0,0.0,187894000.0,0.0,187894000.0,1.9,1.91,100756999.0,1.86,0.0,0.0,0.0,211176000.0,211176000.0,187894000.0,15.869,15.932,0.627,0.0,0.0,0.0,0.0,0.0,1.3861,1.267,0.0,0.0,0.0,1605293000.0,1605293000.0,0.0,0.0,0.0,0.0,0.0,0.0,0.0,0.119,0.119,0.0,0.9614,0.0,0.0,0.0,0.0,0.0,0.0,0.979,15.0,0.0,0.0,1576187750.0,1574287750.0,1576187750.0,1.793,0.0,0.0,0.0,0.0,0.0,0.0,AB,30.870001000000002,28.438889,3110368659.886999
2014-12-31,0.0,-0.0279,-0.0374,-0.0968,-0.0656,0.3295,0.0614,0.0061,0.0,0.0,0.0,0.125,0.3295,0.0,0.0,0.0,0.0553,0.0,0.0,0.0,0.0,0.0,0.0,0.0,0.0,0.0,61217000.0,5896000.0,0.0,0.0,55321000.0,0.0,55321000.0,0.56,0.57,97160178.0,0.45,0.0,0.0,0.0,61217000.0,61217000.0,55321000.0,0.0,0.0,0.0,0.0,0.0,0.0,0.0,0.0,0.0,200931000.0,22463000.0,0.0,0.0,178468000.0,0.0,178468000.0,1.84,1.84,97160178.0,1.89,0.0,0.0,0.0,200931000.0,200931000.0,178468000.0,16.751,16.755,0.445,0.0,0.0,0.0,0.0,0.0,0.7817,0.804,0.0,0.0,0.0,1627892000.0,1627892000.0,0.0,0.0,0.0,0.0,0.0,0.0,0.0,0.115,0.115,0.0,1.0137,0.0,0.0,0.0,0.0,0.0,0.0,1.027,12.0,0.0,0.0,1555522250.0,1553728500.0,1555522250.0,1.862,0.0,0.0,0.0,0.0,0.0,0.0,AB,25.83,25.809714257142865,2509647397.74
2014-09-30,0.0,0.4455,0.4949,0.4063,0.4063,0.0664,0.0779,0.1834,0.0,0.0,0.0,0.0976,0.0664,0.0,0.0,0.0,-0.0863,0.0,0.0,0.0,0.0,0.0,0.0,0.0,0.0,0.0,49876000.0,5742000.0,0.0,0.0,44134000.0,0.0,44134000.0,0.45,0.45,96811627.0,0.45,0.0,0.0,0.0,49876000.0,49876000.0,44134000.0,0.0,0.0,0.0,0.0,0.0,0.0,0.0,0.0,0.0,202685000.0,22066000.0,0.0,0.0,180619000.0,0.0,180619000.0,1.89,1.88,96811627.0,1.84,0.0,0.0,0.0,202685000.0,202685000.0,180619000.0,15.864,15.87,0.446,0.0,0.0,0.0,0.0,0.0,0.978,1.0,0.0,0.0,0.0,1536424000.0,1536424000.0,0.0,0.0,0.0,0.0,0.0,0.0,0.0,0.118,0.118,0.0,0.9423,0.0,0.0,0.0,0.0,0.0,0.0,0.974,12.0,0.0,0.0,1531962750.0,1530070500.0,1531962750.0,1.758,0.0,0.0,0.0,0.0,0.0,0.0,AB,26.01,26.791388972222222,2518070418.27
2014-06-30,0.0,0.0666,0.064,0.1,0.1,-0.2292,-0.0508,0.0411,0.0,0.0,0.0,0.0263,-0.2292,0.0,0.0,0.0,-0.0884,0.0,0.0,0.0,0.0,0.0,0.0,0.0,0.0,0.0,48467000.0,5613000.0,0.0,0.0,42854000.0,0.0,42854000.0,0.44,0.44,96237982.0,0.39,0.0,0.0,0.0,48467000.0,48467000.0,42854000.0,0.0,0.0,0.0,0.0,0.0,0.0,0.0,0.0,0.0,187313000.0,21305000.0,0.0,0.0,166008000.0,0.0,166008000.0,1.76,1.75,96237982.0,1.8,0.0,0.0,0.0,187313000.0,187313000.0,166008000.0,15.949,15.952,0.323,0.0,0.0,0.0,0.0,0.0,0.7244,0.886,0.0,0.0,0.0,1535142000.0,1535142000.0,0.0,0.0,0.0,0.0,0.0,0.0,0.0,0.111,0.11,0.0,1.009,0.0,0.0,0.0,0.0,0.0,0.0,1.023,13.0,0.0,0.0,1504192750.0,1501169500.0,1504192750.0,1.741,0.0,0.0,0.0,0.0,0.0,0.0,AB,25.879998999999998,24.763714228571423,2490638877.9220176
2014-03-31,0.0,-0.0378,-0.0542,0.0,0.0,0.5043,-0.0583,0.0329,0.0,0.0,0.0,0.5,0.5043,0.0,0.0,0.0,-0.087,0.0,0.0,0.0,0.0,0.0,0.0,0.0,0.0,0.0,41371000.0,5212000.0,0.0,0.0,36159000.0,0.0,36159000.0,0.38,0.38,96028494.0,0.6,0.0,0.0,0.0,41371000.0,41371000.0,36159000.0,0.0,0.0,0.0,0.0,0.0,0.0,0.0,0.0,0.0,184286000.0,20856000.0,0.0,0.0,163430000.0,0.0,163430000.0,1.72,1.71,96028494.0,1.79,0.0,0.0,0.0,184286000.0,184286000.0,163430000.0,15.794,15.856,0.661,0.0,0.0,0.0,0.0,0.0,1.755,1.579,0.0,0.0,0.0,1522631000.0,1522631000.0,0.0,4079000.0,0.0,0.0,0.0,0.0,0.0,0.107,0.107,0.0,1.0814,0.0,0.0,0.0,0.0,0.0,0.0,1.041,13.0,0.0,0.0,1524735750.0,1521728000.0,1524735750.0,1.84,0.0,0.0,0.0,0.0,0.0,0.0,AB,24.969998999999998,24.383999914285713,2397831399.151506
2013-12-31,0.0,1.3416,1.1945,1.3846,1.3462,-0.141,-0.021,0.1225,0.0,0.0,0.0,0.1111,-0.141,0.0,0.0,0.0,-0.1246,0.0,0.0,0.0,0.0,0.0,0.0,0.0,0.0,0.0,62971000.0,5499000.0,0.0,0.0,57472000.0,0.0,57472000.0,0.62,0.61,92066984.0,0.4,0.0,0.0,0.0,62971000.0,62971000.0,57472000.0,0.0,0.0,0.0,0.0,0.0,0.0,0.0,0.0,0.0,185912000.0,20410000.0,0.0,0.0,165502000.0,0.0,165502000.0,1.72,1.71,92066984.0,1.59,0.0,0.0,0.0,185912000.0,185912000.0,165502000.0,16.65,16.658,0.353,0.0,0.0,0.0,0.0,0.0,0.5659,0.645,0.0,0.0,0.0,1533654000.0,1533654000.0,0.0,3026500.0,0.0,0.0,0.0,0.0,0.0,0.107,0.107,0.0,0.9393,0.0,0.0,0.0,0.0,0.0,0.0,0.924,11.0,0.0,0.0,1548297000.0,1544632250.0,1548297000.0,1.689,0.0,0.0,0.0,0.0,0.0,0.0,AB,21.34,21.786857200000004,1964709438.56
2013-09-30,0.0,3.0792,2.2757,2.3913,2.3913,0.8301,-0.1122,-0.1191,0.0,0.0,0.0,0.9524,0.8301,0.0,0.0,0.0,0.0074,0.0,0.0,0.0,0.0,0.0,0.0,0.0,0.0,0.0,34504000.0,4981000.0,0.0,0.0,29523000.0,0.0,29523000.0,0.32,0.32,105952081.0,0.41,0.0,0.0,0.0,34504000.0,34504000.0,29523000.0,0.0,0.0,0.0,0.0,0.0,0.0,0.0,0.0,0.0,149833000.0,15614000.0,0.0,0.0,134219000.0,0.0,134219000.0,1.36,1.36,105952081.0,1.55,0.0,0.0,0.0,149833000.0,149833000.0,134219000.0,13.405,13.453,0.382,0.0,0.0,0.0,0.0,0.0,1.371,1.281,0.0,0.0,0.0,1425344000.0,1425344000.0,0.0,2153500.0,0.0,0.0,0.0,0.0,0.0,0.087,0.086,0.0,1.198,0.0,0.0,0.0,0.0,0.0,0.0,1.14,14.0,0.0,0.0,1556506750.0,1551433250.0,1556506750.0,1.518,0.0,0.0,0.0,0.0,0.0,0.0,AB,19.860001,20.0874286,2104208434.612081
2013-06-30,0.0,0.6344,0.8874,0.9048,0.9048,0.473,-0.0245,-0.026,0.0,0.0,0.0,0.4615,0.473,0.0,0.0,0.0,0.0037,0.0,0.0,0.0,0.0,0.0,0.0,0.0,0.0,0.0,45440000.0,5164000.0,0.0,0.0,40276000.0,0.0,40276000.0,0.4,0.4,105565870.0,0.38,0.0,0.0,0.0,45440000.0,45440000.0,40276000.0,0.0,0.0,0.0,0.0,0.0,0.0,0.0,0.0,0.0,98734000.0,17180000.0,0.0,0.0,81554000.0,0.0,81554000.0,0.81,0.81,105565870.0,1.35,0.0,0.0,0.0,98734000.0,98734000.0,81554000.0,15.319,15.32,0.382,0.0,0.0,0.0,0.0,0.0,1.0,0.95,0.0,0.0,0.0,1617314000.0,1617314000.0,0.0,1671500.0,0.0,0.0,0.0,0.0,0.0,0.051,0.051,0.0,1.7466,0.0,0.0,0.0,0.0,0.0,0.0,1.667,22.0,0.0,0.0,1601538750.0,1596483250.0,1601538750.0,1.349,0.0,0.0,0.0,0.0,0.0,0.0,AB,20.82,24.256470794117647,2197881413.4
2013-03-31,0.0,0.3146,0.4319,0.4615,0.4615,2.3427,-0.0333,-0.0354,0.0,-1.0,0.0,2.3333,2.3427,0.0,0.0,0.0,0.0,0.0,0.0,0.0,0.0,0.0,0.0,0.0,0.0,0.0,42997000.0,4766000.0,0.0,0.0,38231000.0,0.0,38231000.0,0.38,0.38,105173342.0,0.4,0.0,0.0,0.0,42997000.0,42997000.0,38231000.0,0.0,0.0,0.0,0.0,0.0,0.0,0.0,0.0,0.0,81097000.0,18480000.0,0.0,0.0,62617000.0,0.0,62617000.0,0.62,0.62,105173342.0,1.23,0.0,0.0,0.0,81097000.0,81097000.0,62617000.0,15.291,15.373,0.401,0.0,0.0,0.0,0.0,0.0,1.1034,1.053,0.0,0.0,0.0,1616876000.0,1616876000.0,5803000.0,4079000.0,0.0,0.0,0.0,0.0,0.0,0.039,0.039,0.0,2.0683,0.0,0.0,0.0,0.0,0.0,0.0,1.984,28.0,0.0,0.0,1611682750.0,1605750500.0,1611682750.0,1.231,0.0,0.0,0.0,0.0,0.0,0.0,AB,21.9,21.97696975757576,2303296189.7999997
2012-12-31,0.0,1.139,1.1313,1.1354,1.1354,0.3851,-0.0384,-0.0407,0.0,0.0,0.0,0.3846,0.3851,0.0,0.0,0.0,0.0,0.0,0.0,0.0,0.0,0.0,0.0,0.0,0.0,0.0,26892000.0,703000.0,0.0,0.0,26189000.0,0.0,26189000.0,0.26,0.26,105173342.0,0.36,0.0,0.0,0.0,26892000.0,26892000.0,26189000.0,0.0,0.0,0.0,0.0,0.0,0.0,0.0,0.0,0.0,70807000.0,19722000.0,0.0,0.0,51085000.0,0.0,51085000.0,0.51,0.51,105173342.0,0.95,0.0,0.0,0.0,70807000.0,70807000.0,51085000.0,14.833,14.894,0.36,0.0,0.0,0.0,0.0,0.0,1.4458,1.385,0.0,0.0,0.0,1566493000.0,1566493000.0,0.0,4253000.0,0.0,0.0,0.0,0.0,0.0,0.032,0.031,0.0,1.9564,0.0,0.0,0.0,0.0,0.0,0.0,1.863,26.0,0.0,0.0,1625587750.0,1620486000.0,1625587750.0,0.95,0.0,0.0,0.0,0.0,0.0,0.0,AB,17.43,17.12235285294118,1833171351.06
2012-09-30,0.0,-1.487,-1.857,-1.8846,-1.8846,-0.3819,-0.091,-0.0937,0.0,-1.0,0.0,-0.3824,-0.3819,0.0,0.0,0.0,0.0,0.0,0.0,0.0,0.0,0.0,0.0,0.0,0.0,0.0,-16595000.0,6547000.0,0.0,0.0,-23142000.0,0.0,-23142000.0,-0.23,-0.23,105173342.0,0.21,0.0,0.0,0.0,-16595000.0,-16595000.0,-23142000.0,0.0,0.0,0.0,0.0,0.0,0.0,0.0,0.0,0.0,-149543000.0,25024000.0,0.0,0.0,-174567000.0,0.0,-174567000.0,-1.68,-1.68,105173342.0,0.85,0.0,0.0,0.0,-149543000.0,-149543000.0,-174567000.0,15.217,15.265,0.21,0.0,0.0,0.0,0.0,0.0,-0.9557,-0.913,0.0,0.0,0.0,1605472000.0,1605472000.0,1828000.0,2153500.0,0.0,0.0,0.0,0.0,0.0,-0.107,-0.106,0.0,-0.5122,0.0,0.0,0.0,0.0,0.0,0.0,-0.506,-11.0,0.0,0.0,1641210500.0,1637008750.0,1641210500.0,0.85,0.0,0.0,0.0,0.0,0.0,0.0,AB,15.41,14.346176470588233,1620721200.22
2012-06-30,0.0,-0.3496,-0.3991,-0.3824,-0.3824,-0.3856,-0.0695,-0.072,0.0,-1.0,0.0,-0.381,-0.3856,0.0,0.0,0.0,0.0006,0.0,0.0,0.0,0.0,0.0,0.0,0.0,0.0,0.0,27803000.0,6464000.0,0.0,0.0,21339000.0,0.0,21339000.0,0.21,0.21,105173342.0,0.26,0.0,0.0,0.0,27803000.0,27803000.0,21339000.0,0.0,0.0,0.0,0.0,0.0,0.0,0.0,0.0,0.0,-98874000.0,25548000.0,0.0,0.0,-124422000.0,0.0,-124422000.0,-1.19,-1.19,105173342.0,0.98,0.0,0.0,0.0,-98874000.0,-98874000.0,-124422000.0,15.728,15.763,0.26,0.0,0.0,0.0,0.0,0.0,1.2814,1.238,0.0,0.0,0.0,1657890000.0,1657890000.0,793000.0,1671500.0,0.0,0.0,0.0,0.0,0.0,-0.074,-0.074,0.0,-0.8285,0.0,0.0,0.0,0.0,0.0,0.0,-0.824,-13.0,0.0,0.0,1681403000.0,1678388000.0,1681403000.0,0.98,0.0,0.0,0.0,0.0,0.0,0.0,AB,12.69,12.812857142857142,1334649709.98
2012-03-31,0.0,-0.3594,-0.3888,-0.381,-0.381,-0.7119,-0.0691,-0.0687,0.0,0.2934,0.0,-0.7143,-0.7119,0.0,0.0,0.0,0.0008,0.0,0.0,0.0,0.0,0.0,0.0,0.0,0.0,0.0,32707000.0,6008000.0,0.0,0.0,26699000.0,0.0,26699000.0,0.26,0.26,105173342.0,0.12,0.0,0.0,0.0,32707000.0,32707000.0,26699000.0,0.0,0.0,0.0,0.0,0.0,0.0,0.0,0.0,0.0,-83932000.0,26317000.0,0.0,0.0,-110249000.0,0.0,-110249000.0,-1.06,-1.06,105173342.0,1.14,0.0,0.0,0.0,-83932000.0,-83932000.0,-110249000.0,15.852,15.902,0.12,0.0,0.0,0.0,0.0,0.0,0.4727,0.462,0.0,0.0,0.0,1672496000.0,1672496000.0,10289500.0,0.0,0.0,0.0,0.0,0.0,0.0,-0.064,-0.064,0.0,-1.0906,0.0,0.0,0.0,0.0,0.0,0.0,-1.075,-20.0,0.0,0.0,1712363750.0,1710233500.0,1712363750.0,1.143,0.0,0.0,0.0,0.0,0.0,0.0,AB,15.61,14.655999999999997,1641755868.62
2011-12-31,0.0,-4.8562,-5.6468,-5.4651,-5.5714,0.9504,-0.0887,-0.1156,0.0,-1.0,0.0,1.1667,0.9504,0.0,0.0,0.0,0.0289,0.0,0.0,0.0,0.0,0.0,0.0,0.0,0.0,0.0,-193458000.0,6005000.0,0.0,0.0,-199463000.0,0.0,-199463000.0,-1.92,-1.92,105173342.0,0.26,0.0,0.0,0.0,-193458000.0,-193458000.0,-199463000.0,0.0,0.0,0.0,0.0,0.0,0.0,0.0,0.0,0.0,-65581000.0,27687000.0,0.0,0.0,-93268000.0,0.0,-93268000.0,-0.9,-0.9,105173342.0,1.44,0.0,0.0,0.0,-65581000.0,-65581000.0,-93268000.0,15.462,15.489,0.26,0.0,0.0,0.0,0.0,0.0,-0.1371,-0.135,0.0,0.0,0.0,1628984000.0,1628984000.0,638500.0,1226500.0,0.0,0.0,0.0,0.0,0.0,-0.054,-0.053,0.0,-1.6235,0.0,0.0,0.0,0.0,0.0,0.0,-1.6,-21.0,0.0,0.0,1743394500.0,1740628500.0,1743394500.0,1.44,0.0,0.0,0.0,0.0,0.0,0.0,AB,13.08,13.193529411764706,1375667313.36
2011-09-30,0.0,0.8015,1.2106,1.1667,1.1667,0.1748,0.0131,-0.0155,0.0,1.3633,0.0,0.0968,0.1748,0.0,0.0,0.0,0.0289,0.0,0.0,0.0,0.0,0.0,0.0,0.0,0.0,0.0,34074000.0,7071000.0,0.0,0.0,27003000.0,0.0,27003000.0,0.26,0.26,105173342.0,0.34,0.0,0.0,0.0,34074000.0,34074000.0,27003000.0,0.0,0.0,0.0,0.0,0.0,0.0,0.0,0.0,0.0,178045000.0,28925000.0,0.0,0.0,149120000.0,0.0,149120000.0,1.45,1.44,105173342.0,1.3,0.0,0.0,0.0,178045000.0,178045000.0,149120000.0,16.791,16.794,0.34,0.0,0.0,0.0,0.0,0.0,1.325,1.308,0.0,0.0,0.0,1766242000.0,1766242000.0,2601500.0,0.0,0.0,0.0,0.0,0.0,0.0,0.084,0.084,0.0,0.9261,0.0,0.0,0.0,0.0,0.0,0.0,0.897,8.0,0.0,0.0,1783040500.0,1780862750.0,1783040500.0,1.313,0.0,0.0,0.0,0.0,0.0,0.0,AB,13.65,15.397777916666664,1435616118.3
2011-06-30,0.0,0.0981,0.1177,0.0968,0.0968,-0.039,0.0152,-0.0167,0.0,0.0,0.0,-0.087,-0.039,0.0,0.0,0.0,0.0325,0.0,0.0,0.0,0.0,0.0,0.0,0.0,0.0,0.0,42745000.0,7233000.0,0.0,0.0,35512000.0,0.0,35512000.0,0.34,0.34,105113157.0,0.42,0.0,0.0,0.0,42745000.0,42745000.0,35512000.0,0.0,0.0,0.0,0.0,0.0,0.0,0.0,0.0,0.0,162885000.0,28553000.0,0.0,0.0,134332000.0,0.0,134332000.0,1.31,1.3,105113157.0,1.27,0.0,0.0,0.0,162885000.0,162885000.0,134332000.0,16.949,16.951,0.423,0.0,0.0,0.0,0.0,0.0,1.2532,1.235,0.0,0.0,0.0,1781733000.0,1781733000.0,793000.0,80000.0,0.0,0.0,0.0,0.0,0.0,0.076,0.076,0.0,0.9884,0.0,0.0,0.0,0.0,0.0,0.0,0.969,13.0,0.0,0.0,1777325500.0,1775194750.0,1777325500.0,1.263,0.0,0.0,0.0,0.0,0.0,0.0,AB,19.440001000000002,20.080277749999997,2043399877.1931572
2011-03-31,0.0,-0.0581,-0.0755,-0.1064,-0.087,-0.3023,0.0035,-0.0323,0.0,0.3268,0.0,-0.3226,-0.3023,0.0,0.0,0.0,0.0369,0.0,0.0,0.0,0.0,0.0,0.0,0.0,0.0,0.0,51058000.0,7378000.0,0.0,0.0,43680000.0,0.0,43680000.0,0.42,0.42,105086799.0,0.42,0.0,0.0,0.0,51058000.0,51058000.0,43680000.0,0.0,0.0,0.0,0.0,0.0,0.0,0.0,0.0,0.0,159065000.0,28473000.0,0.0,0.0,130592000.0,0.0,130592000.0,1.28,1.27,105086799.0,1.31,0.0,0.0,0.0,159065000.0,159065000.0,130592000.0,17.022,17.097,0.417,0.0,0.0,0.0,0.0,0.0,1.0029,1.0,0.0,0.0,0.0,1796619000.0,1796619000.0,7868000.0,0.0,0.0,0.0,0.0,0.0,0.0,0.074,0.074,0.0,1.0306,0.0,0.0,0.0,0.0,0.0,0.0,1.023,14.0,0.0,0.0,1770636750.0,1768490500.0,1770636750.0,1.281,0.0,0.0,0.0,0.0,0.0,0.0,AB,21.799999,22.09777780555556,2290892113.113201
2010-12-31,0.0,-0.2522,-0.2806,-0.3175,-0.3333,-0.9087,-0.0069,-0.098,0.0,0.0,0.0,-0.8209,-0.9087,0.0,0.0,0.0,0.102,0.0,0.0,0.0,0.0,0.0,0.0,0.0,0.0,0.0,50168000.0,7243000.0,0.0,0.0,42925000.0,0.0,42925000.0,0.43,0.42,102215686.0,0.12,0.0,0.0,0.0,50168000.0,50168000.0,42925000.0,0.0,0.0,0.0,0.0,0.0,0.0,0.0,0.0,0.0,162217000.0,28059000.0,0.0,0.0,134158000.0,0.0,134158000.0,1.33,1.32,102215686.0,1.51,0.0,0.0,0.0,162217000.0,162217000.0,134158000.0,17.484,17.488,0.137,0.0,0.0,0.0,0.0,0.0,0.3265,0.279,0.0,0.0,0.0,1787568000.0,1787568000.0,638500.0,742000.0,0.0,0.0,0.0,0.0,0.0,0.076,0.076,0.0,1.1447,0.0,0.0,0.0,0.0,0.0,0.0,1.135,15.0,0.0,0.0,1769083750.0,1766981750.0,1769083750.0,1.502,0.0,0.0,0.0,0.0,0.0,0.0,AB,23.33,23.358571285714294,2384691954.3799996
2010-09-30,0.0,-0.7248,-0.8047,-0.8209,-0.8209,5.5914,0.0377,-0.0608,0.0,0.0,0.0,-0.2439,5.5914,0.0,0.0,0.0,0.1056,0.0,0.0,0.0,0.0,0.0,0.0,0.0,0.0,0.0,18914000.0,6699000.0,0.0,0.0,12215000.0,0.0,12215000.0,0.12,0.12,102215686.0,0.31,0.0,0.0,0.0,18914000.0,18914000.0,12215000.0,0.0,0.0,0.0,0.0,0.0,0.0,0.0,0.0,0.0,179135000.0,28231000.0,0.0,0.0,150904000.0,0.0,150904000.0,1.53,1.52,102215686.0,2.06,0.0,0.0,0.0,179135000.0,179135000.0,150904000.0,17.055,17.056,0.298,0.0,0.0,0.0,0.0,0.0,2.4932,2.583,0.0,0.0,0.0,1743382000.0,1743382000.0,773500.0,599500.0,0.0,0.0,0.0,0.0,0.0,0.085,0.085,0.0,1.9424,0.0,0.0,0.0,0.0,0.0,0.0,1.346,15.0,0.0,0.0,1772210500.0,1769677250.0,1772210500.0,2.868,0.0,0.0,0.0,0.0,0.0,0.0,AB,26.41,25.342499972222225,2699516267.26
2010-06-30,0.0,-0.1172,-0.1694,-0.2439,-0.2439,8.1726,0.0601,-0.0413,0.0,0.0,0.0,5.5714,8.1726,0.0,0.0,0.0,0.1071,0.0,0.0,0.0,0.0,0.0,0.0,0.0,0.0,0.0,38925000.0,7153000.0,0.0,0.0,31772000.0,0.0,31772000.0,0.31,0.31,101804594.0,0.46,0.0,0.0,0.0,38925000.0,38925000.0,31772000.0,0.0,0.0,0.0,0.0,0.0,0.0,0.0,0.0,0.0,228944000.0,27725000.0,0.0,0.0,201219000.0,0.0,201219000.0,2.08,2.07,101804594.0,2.16,0.0,0.0,0.0,228944000.0,228944000.0,201219000.0,17.237,17.239,0.455,0.0,0.0,0.0,0.0,0.0,1.4574,1.484,0.0,0.0,0.0,1754978000.0,1754978000.0,0.0,1055000.0,0.0,0.0,0.0,0.0,0.0,0.115,0.115,0.0,1.2724,0.0,0.0,0.0,0.0,0.0,0.0,1.038,11.0,0.0,0.0,1756394000.0,1753549500.0,1756394000.0,2.515,0.0,0.0,0.0,0.0,0.0,0.0,AB,25.84,28.47277777777778,2630630708.96
2010-03-31,0.0,3.2983,6.015,5.7143,5.5714,9.4824,0.1178,0.0125,0.0,1.6102,0.0,1.1379,9.4824,0.0,0.0,0.0,0.1027,0.0,0.0,0.0,0.0,0.0,0.0,0.0,0.0,0.0,54210000.0,6964000.0,0.0,0.0,47246000.0,0.0,47246000.0,0.47,0.46,101351749.0,0.62,0.0,0.0,0.0,54210000.0,54210000.0,47246000.0,0.0,0.0,0.0,0.0,0.0,0.0,0.0,0.0,0.0,234111000.0,26411000.0,0.0,0.0,207700000.0,0.0,207700000.0,2.18,2.17,101351749.0,1.77,0.0,0.0,0.0,234111000.0,234111000.0,207700000.0,17.59,17.665,0.619,0.0,0.0,0.0,0.0,0.0,1.3289,1.319,0.0,0.0,0.0,1790407000.0,1790407000.0,4677000.0,0.0,0.0,0.0,0.0,0.0,0.0,0.12,0.12,0.0,0.9786,0.0,0.0,0.0,0.0,0.0,0.0,0.812,13.0,0.0,0.0,1731524500.0,1728192000.0,1731524500.0,2.006,0.0,0.0,0.0,0.0,0.0,0.0,AB,30.66,28.143333305555554,3107444624.34
2009-12-31,0.0,1.188,1.4844,1.3333,1.3333,-0.5341,0.124,0.0638,0.0,0.0,0.0,0.1167,-0.5341,0.0,0.0,0.0,0.0589,0.0,0.0,0.0,0.0,0.0,0.0,0.0,0.0,0.0,67086000.0,7415000.0,0.0,0.0,59671000.0,0.0,59671000.0,0.63,0.63,92752989.0,0.67,0.0,0.0,0.0,67086000.0,67086000.0,59671000.0,0.0,0.0,0.0,0.0,0.0,0.0,0.0,0.0,0.0,192513000.0,25324000.0,0.0,0.0,167189000.0,0.0,167189000.0,1.8,1.8,92752989.0,1.44,0.0,0.0,0.0,192513000.0,192513000.0,167189000.0,19.384,19.407,1.656,0.0,0.0,0.0,0.0,0.0,2.5735,1.063,0.0,0.0,0.0,1800075000.0,1800075000.0,0.0,3154500.0,0.0,0.0,0.0,0.0,0.0,0.099,0.099,0.0,0.7959,0.0,0.0,0.0,0.0,0.0,0.0,0.8,14.0,0.0,0.0,1684355000.0,1681696750.0,1684355000.0,1.435,0.0,0.0,0.0,0.0,0.0,0.0,AB,28.1,26.603142657142854,2606358990.9
2009-09-30,0.0,-0.0578,-0.0284,-0.0822,-0.0822,0.2532,0.0428,-0.0086,0.0,0.0,0.0,-0.5729,0.2532,0.0,0.0,0.0,0.0556,0.0,0.0,0.0,0.0,0.0,0.0,0.0,0.0,0.0,68723000.0,6193000.0,0.0,0.0,62530000.0,0.0,62530000.0,0.67,0.67,92450268.0,0.41,0.0,0.0,0.0,68723000.0,68723000.0,62530000.0,0.0,0.0,0.0,0.0,0.0,0.0,0.0,0.0,0.0,156088000.0,24552000.0,0.0,0.0,131536000.0,0.0,131536000.0,1.42,1.42,92450268.0,1.37,0.0,0.0,0.0,156088000.0,156088000.0,131536000.0,18.159,18.173,-0.072,0.0,0.0,0.0,0.0,0.0,-0.1061,0.612,0.0,0.0,0.0,1680116000.0,1680116000.0,0.0,3945000.0,0.0,0.0,0.0,0.0,0.0,0.081,0.08,0.0,2.35,0.0,0.0,0.0,0.0,0.0,0.0,0.965,16.0,0.0,0.0,1634696750.0,1631262500.0,1634696750.0,3.344,0.0,0.0,0.0,0.0,0.0,0.0,AB,27.280001000000002,23.404166416666666,2522043403.490268
2009-06-30,0.0,-0.5261,-0.5441,-0.5729,-0.5729,0.3356,0.0057,-0.0412,0.0,0.0,0.0,-0.9157,0.3356,0.0,0.0,0.0,0.0521,0.0,0.0,0.0,0.0,0.0,0.0,0.0,0.0,0.0,44092000.0,5839000.0,0.0,0.0,38253000.0,0.0,38253000.0,0.41,0.41,91956176.0,0.07,0.0,0.0,0.0,44092000.0,44092000.0,38253000.0,0.0,0.0,0.0,0.0,0.0,0.0,0.0,0.0,0.0,160301000.0,26934000.0,0.0,0.0,133367000.0,0.0,133367000.0,1.48,1.48,91956176.0,1.92,0.0,0.0,0.0,160301000.0,160301000.0,133367000.0,17.98,18.003,-0.07,0.0,0.0,0.0,0.0,0.0,-0.1688,0.171,0.0,0.0,0.0,1655500000.0,1655500000.0,0.0,4419500.0,0.0,0.0,0.0,0.0,0.0,0.083,0.082,0.0,2.3009,0.0,0.0,0.0,0.0,0.0,0.0,1.297,12.0,0.0,0.0,1617451250.0,1612587250.0,1617451250.0,3.337,0.0,0.0,0.0,0.0,0.0,0.0,AB,20.09,19.515833444444443,1847399575.84
2009-03-31,0.0,-0.8462,-0.907,-0.9157,-0.9157,0.2312,-0.0173,-0.0648,0.0,0.2012,0.0,-0.7264,0.2312,0.0,0.0,0.0,0.0534,0.0,0.0,0.0,0.0,0.0,0.0,0.0,0.0,0.0,12612000.0,5877000.0,0.0,0.0,6735000.0,0.0,6735000.0,0.07,0.07,91910013.0,0.29,0.0,0.0,0.0,12612000.0,12612000.0,6735000.0,0.0,0.0,0.0,0.0,0.0,0.0,0.0,0.0,0.0,209251000.0,30226000.0,0.0,0.0,179025000.0,0.0,179025000.0,2.03,2.03,91910013.0,2.68,0.0,0.0,0.0,209251000.0,209251000.0,179025000.0,17.373,17.427,-0.081,0.0,0.0,0.0,0.0,0.0,-1.099,4.143,0.0,0.0,0.0,1601729000.0,1601729000.0,2374000.0,0.0,0.0,0.0,0.0,0.0,0.0,0.111,0.111,0.0,1.6959,0.0,0.0,0.0,0.0,0.0,0.0,1.32,6.0,0.0,0.0,1615122000.0,1609022000.0,1615122000.0,3.303,0.0,0.0,0.0,0.0,0.0,0.0,AB,14.72,13.462222194444447,1352915391.3600001
2008-12-31,0.0,-0.7003,-0.7394,-0.7453,-0.7453,31.4034,0.0166,0.0082,0.0,0.0,0.0,-0.5,31.4034,0.0,0.0,0.0,0.01,0.0,0.0,0.0,0.0,0.0,0.0,0.0,0.0,0.0,30661000.0,6643000.0,0.0,0.0,24018000.0,0.0,24018000.0,0.27,0.27,87595926.0,0.6,0.0,0.0,0.0,30661000.0,30661000.0,24018000.0,0.0,0.0,0.0,0.0,0.0,0.0,0.0,0.0,0.0,278636000.0,33910000.0,0.0,0.0,244726000.0,0.0,244726000.0,2.79,2.79,87595926.0,3.45,0.0,0.0,0.0,278636000.0,278636000.0,244726000.0,18.222,18.282,3.763,0.0,0.0,0.0,0.0,0.0,13.7232,2.222,0.0,0.0,0.0,1601442000.0,1601442000.0,0.0,6142500.0,0.0,0.0,0.0,0.0,0.0,0.152,0.151,0.0,1.2315,0.0,0.0,0.0,0.0,0.0,0.0,1.237,7.0,0.0,0.0,1622180000.0,1615031250.0,1622180000.0,3.441,0.0,0.0,0.0,0.0,0.0,0.0,AB,20.790001,17.873142857142863,1821119389.135926
2008-09-30,0.0,-0.365,-0.386,-0.3967,-0.3917,0.1067,-0.0034,-0.0139,0.0,0.0,0.0,-0.1724,0.1067,0.0,0.0,0.0,0.0112,0.0,0.0,0.0,0.0,0.0,0.0,0.0,0.0,0.0,72936000.0,8575000.0,0.0,0.0,64361000.0,0.0,64361000.0,0.73,0.73,87577430.0,0.96,0.0,0.0,0.0,72936000.0,72936000.0,64361000.0,0.0,0.0,0.0,0.0,0.0,0.0,0.0,0.0,0.0,350274000.0,37414000.0,0.0,0.0,312860000.0,0.0,312860000.0,3.58,3.58,87577430.0,4.05,0.0,0.0,0.0,350274000.0,350274000.0,312860000.0,18.316,18.397,-0.101,0.0,0.0,0.0,0.0,0.0,-0.138,1.315,0.0,0.0,0.0,1611134000.0,1611134000.0,0.0,7294500.0,0.0,0.0,0.0,0.0,0.0,0.195,0.194,0.0,-0.1249,0.0,0.0,0.0,0.0,0.0,0.0,1.131,9.0,0.0,0.0,1615628000.0,1607857500.0,1615628000.0,-0.446,0.0,0.0,0.0,0.0,0.0,0.0,AB,37.009997999999996,47.92000005555555,3241240509.1451397
