,gross_profit_growth_q,ebit_growth_q,net_income_growth_q,eps_growth_q,eps_diluted_growth_q,operating_cash_flow_growth_q,asset_growth_q,book_value_per_share_growth_q,debt_growth_q,trade_and_non-trade_receivables_growth_q,inventory_growth_q,dividends_per_basic_common_share_growth_q,free_cash_flow_growth_q,research_and_development_(r&d)_expenses_growth_q,"selling,_general_and_administrative_(sg&a)_expenses_growth_q",operating_income_growth_q,weighted_average_shares_growth_q,revenue_q,revenue_growth_q,cost_of_revenue_q,gross_profit_q,research_and_development_(r&d)_expenses_q,"selling,_general_and_administrative_(sg&a)_expenses_q",operating_expenses_q,operating_income_q,interest_expense_q,earnings_before_tax_q,income_tax_expense_q,net_income_to_non-controlling_interests_q,net_income_from_discontinued_operations_q,net_income_q,preferred_dividends_income_statement_impact_q,net_income_common_q,eps_q,eps_diluted_q,weighted_average_shares_q,weighted_average_shares_diluted_q,dividends_per_common_share_q,gross_margin_q,ebitda_margin_q,ebit_margin_q,profit_margin_q,free_cash_flow_margin_q,ebitda_q,ebit_q,consolidated_income_q,revenue_t,revenue_growth_t,cost_of_revenue_t,gross_profit_t,research_and_development_(r&d)_expenses_t,"selling,_general_and_administrative_(sg&a)_expenses_t",operating_expenses_t,operating_income_t,interest_expense_t,earnings_before_tax_t,income_tax_expense_t,net_income_to_non-controlling_interests_t,net_income_from_discontinued_operations_t,net_income_t,preferred_dividends_income_statement_impact_t,net_income_common_t,eps_t,eps_diluted_t,weighted_average_shares_t,dividends_per_common_share_t,gross_margin_t,ebitda_margin_t,ebit_margin_t,profit_margin_t,free_cash_flow_margin_t,ebitda_t,ebit_t,consolidated_income_t,book_value_per_share_q,tangible_book_value_per_share_q,fcf_per_share_q,interest_debt_per_share_q,cash_per_share_q,debt_to_equity_ratio_q,total_debt_to_total_assets_q,interest_coverage_q,current_ratio_q,income_quality_q,payout_ratio_q,intangible_assets_out_of_total_assets_q,"selling,_general_and_administrative_expense_of_revenue_q",research_and_development_expense_of_revenue_q,working_capital_q,tangible_asset_value_q,net_current_asset_value_q,invested_capital_q,average_receivables_q,average_payables_q,average_inventory_q,capex/operating_cf_q,share_based_compensation_of_revenue_q,net_debt/ebitda_q,capex/revenue_q,capex/deprecation_q,roe_t,roa_t,roic_t,return_on_sales_t,piotroski_f-score_t,asset_turnover_t,income_quality_t,average_days_of_payables_t,average_days_of_receivables_t,days_of_inventory_on_hand_t,account_receivables_turnover_t,account_payables_turnover_t,inventory_turnover_t,payout_ratio_t,ev/ebit_t,"selling,_general_and_administrative_expense_of_revenue_t",research_and_development_expense_of_revenue_t,invested_capital_average_t,average_equity_t,average_assets_t,fcf_per_share_t,sales_per_share_t,interest_coverage_t,return_on_tangible_assets_t,capex/operating_cf_t,share_based_compensation_of_revenue_t,capex/revenue_t,capex/deprecation_t,ticker,price,sma_50,market_cap
2018-06-30,0.0231,0.8609,5.8966,6.5714,6.5,0.4886,-0.1001,-0.1164,0.0725,0.0903,0.2623,0.0,0.6517,0.0,0.0493,-0.0059,-0.0664,3466000000.0,0.0642,2184000000.0,1282000000.0,0.0,532000000.0,612000000.0,670000000.0,116000000.0,513000000.0,113000000.0,0.0,0.0,400000000.0,0.0,400000000.0,1.06,1.05,378988424.0,676300000.0,0.18,0.3699,0.198,0.1815,0.115,0.0848,685000000.0,629000000.0,400000000.0,14319000000.0,0.0846,8944000000.0,5375000000.0,0.0,2230000000.0,2902000000.0,2473000000.0,471000000.0,2036000000.0,574000000.0,0.0,-93000000.0,1462000000.0,0.0,1462000000.0,3.79,3.74,378988424.0,0.72,0.3754,0.191,0.1751,0.102,0.0568,2731000000.0,2507000000.0,1462000000.0,5.718,33.798,0.776,25.9902,0.6649,4.5455,0.4832,5.4224,1.598,0.815,0.17,0.3716,0.1535,0.0,2264000000.0,12809000000.0,-12170000000.0,18623000000.0,3448000000.0,131000000.0,4546000000.0,-0.0982,0.0136,14.0117,-0.0092,-0.5714,0.641,0.068,0.0924,0.175,5.0,0.668,0.6785,3.5177,91.6897,129.3138,4.1528,109.3053,3.1498,0.19,12.0,0.1557,0.0,19555500000.0,2280500000.0,21428250000.0,2.145,37.782,5.3227,0.4176,-0.1804,0.0129,-0.0125,-0.7991,CBS,56.220001,53.212571628571425,21306729576.268425
2018-03-31,0.0725,153.8,3.0278,3.1967,3.1639,-0.0028,-0.1056,-0.2646,0.0841,0.0983,0.293,0.0,-0.0072,0.0,0.0738,0.0794,-0.0655,3761000000.0,0.125,2400000000.0,1361000000.0,0.0,524000000.0,600000000.0,761000000.0,118000000.0,646000000.0,135000000.0,0.0,0.0,511000000.0,0.0,511000000.0,1.34,1.32,382719931.0,671500000.0,0.18,0.3619,0.218,0.2031,0.136,0.1827,820000000.0,764000000.0,511000000.0,14110000000.0,0.092,8764000000.0,5346000000.0,0.0,2205000000.0,2869000000.0,2477000000.0,466000000.0,1750000000.0,630000000.0,0.0,246000000.0,1120000000.0,0.0,1120000000.0,2.87,2.83,382719931.0,0.72,0.3789,0.173,0.1571,0.079,0.0494,2440000000.0,2216000000.0,1120000000.0,5.181,34.069,1.795,25.3606,0.3841,4.8946,0.4714,6.4746,1.522,1.4031,0.134,0.3668,0.1393,0.0,2122000000.0,13039000000.0,-12417000000.0,18529000000.0,3649000000.0,194000000.0,4296000000.0,-0.0418,0.0117,11.6573,-0.008,-0.5357,0.468,0.051,0.0932,0.157,5.0,0.642,0.7902,5.9497,98.8164,125.3313,3.8668,72.732,3.2845,0.251,13.0,0.1563,0.0,20129500000.0,2395500000.0,21995250000.0,1.821,36.868,4.7554,0.3313,-0.2124,0.013,-0.0133,-0.8393,CBS,51.389998999999996,52.87323523529412,19667976871.370068
2017-12-31,0.0312,1.3878,0.6372,0.5714,0.5714,-1.2639,-0.1401,-0.4242,0.0839,0.1156,0.2181,0.0,-1.5884,0.0,0.0627,-0.3069,-0.0687,3921000000.0,0.1146,2498000000.0,1423000000.0,0.0,627000000.0,1091000000.0,332000000.0,121000000.0,113000000.0,154000000.0,0.0,81000000.0,-41000000.0,0.0,-41000000.0,-0.09,-0.09,400178711.0,,0.18,0.3629,0.074,0.0597,-0.01,-0.0441,291000000.0,234000000.0,-41000000.0,13692000000.0,0.04,8438000000.0,5254000000.0,0.0,2212000000.0,2833000000.0,2421000000.0,457000000.0,990000000.0,633000000.0,0.0,952000000.0,357000000.0,0.0,357000000.0,0.89,0.88,400178711.0,0.72,0.3837,0.122,0.1057,0.026,0.0513,1670000000.0,1447000000.0,357000000.0,4.943,33.2,-0.432,25.3937,0.7122,5.1375,0.4875,1.9339,1.579,2.439,-2.0,0.3626,0.1599,0.0,2301000000.0,13286000000.0,-12592000000.0,19191000000.0,3505500000.0,189500000.0,4287500000.0,0.73,0.0128,33.9416,-0.0186,-1.2807,0.136,0.016,0.0875,0.106,5.0,0.606,2.4846,6.158,98.5543,125.5321,3.9059,72.2533,3.1935,0.809,23.0,0.1616,0.0,20714250000.0,2621000000.0,22603000000.0,1.754,34.215,3.1663,0.0997,-0.2086,0.0131,-0.0135,-0.8296,CBS,59.0,57.7127273939394,23610543949.0
2017-09-30,0.01,0.2105,0.2385,0.3704,0.3645,-0.1091,0.0019,-0.3803,0.0817,0.0747,0.2565,0.0,-0.6154,0.0,0.0499,-0.0153,-0.0966,3171000000.0,0.0282,1862000000.0,1309000000.0,0.0,547000000.0,599000000.0,710000000.0,116000000.0,764000000.0,172000000.0,0.0,-174000000.0,592000000.0,0.0,592000000.0,1.48,1.46,401653582.0,,0.18,0.4128,0.295,0.2775,0.187,0.0016,935000000.0,880000000.0,592000000.0,13289000000.0,0.0766,8078000000.0,5211000000.0,0.0,2132000000.0,2643000000.0,2568000000.0,443000000.0,868000000.0,583000000.0,0.0,1255000000.0,285000000.0,0.0,285000000.0,0.8,0.78,401653582.0,0.72,0.3921,0.115,0.0987,0.021,0.088,1534000000.0,1311000000.0,285000000.0,7.454,40.796,0.012,24.1228,0.3585,3.2361,0.4055,7.5862,1.553,0.0828,0.122,0.3142,0.1725,0.0,2242000000.0,16386000000.0,-14606000000.0,21879000000.0,3473000000.0,193000000.0,4170000000.0,-0.898,0.0139,10.2086,-0.0139,-0.8,0.093,0.012,0.079,0.099,6.0,0.567,4.793,6.3997,98.8238,127.5536,3.8264,68.8549,3.1868,0.9,25.0,0.1604,0.0,21369000000.0,3048750000.0,23451750000.0,2.91,33.086,2.9594,0.0826,-0.1442,0.0129,-0.0148,-0.8834,CBS,58.0,61.82857108571429,23295907756.0
2017-06-30,0.0287,-0.5144,-0.8629,-0.8511,-0.8495,-0.0179,-0.021,-0.4559,0.0922,0.0173,0.2205,0.2,-0.0532,0.0,-0.0059,0.0417,-0.1039,3257000000.0,0.0944,2004000000.0,1253000000.0,0.0,507000000.0,579000000.0,674000000.0,111000000.0,227000000.0,169000000.0,0.0,339000000.0,58000000.0,0.0,58000000.0,0.14,0.14,405956688.0,,0.18,0.3847,0.121,0.1038,0.018,0.0547,394000000.0,338000000.0,58000000.0,13202000000.0,0.0548,8004000000.0,5198000000.0,0.0,2106000000.0,2619000000.0,2579000000.0,431000000.0,727000000.0,556000000.0,0.0,1417000000.0,171000000.0,0.0,171000000.0,0.4,0.39,405956688.0,0.72,0.3937,0.105,0.0877,0.013,0.0892,1380000000.0,1158000000.0,171000000.0,6.471,37.282,0.438,22.6231,0.4188,3.496,0.4054,3.045,1.76,3.7759,1.286,0.3319,0.1557,0.0,2456000000.0,15135000000.0,-14340000000.0,20919000000.0,3271000000.0,122500000.0,3656000000.0,-0.1872,0.0138,22.8782,-0.0126,-0.7321,0.047,0.007,0.0825,0.088,7.0,0.563,8.0234,3.4283,91.2085,111.1146,4.0361,107.7714,3.6111,1.8,30.0,0.1595,0.0,20273750000.0,3637250000.0,23440250000.0,2.899,32.521,2.6868,0.0466,-0.1421,0.0128,-0.0148,-0.8784,CBS,63.779999,61.92999994444444,25891917154.68331
2017-03-31,-0.0357,-1.0064,-1.5328,-1.5922,-1.598,-0.3006,-0.0204,-0.4095,0.0853,-0.0544,0.317,0.2,-0.3038,0.0,-0.0298,-0.0748,-0.1088,3343000000.0,-0.0683,2074000000.0,1269000000.0,0.0,488000000.0,564000000.0,705000000.0,109000000.0,-114000000.0,138000000.0,0.0,706000000.0,-252000000.0,0.0,-252000000.0,-0.61,-0.61,409535133.0,,0.18,0.3796,0.015,-0.0015,-0.075,0.207,50000000.0,-5000000.0,-252000000.0,12921000000.0,0.0127,7758000000.0,5163000000.0,0.0,2109000000.0,2611000000.0,2552000000.0,420000000.0,1096000000.0,560000000.0,0.0,1028000000.0,536000000.0,0.0,536000000.0,1.2,1.18,409535133.0,0.69,0.3996,0.135,0.1173,0.041,0.0919,1739000000.0,1516000000.0,536000000.0,7.045,37.853,1.69,21.8614,0.398,3.1033,0.3889,-0.0459,1.641,-2.8532,-0.295,0.3266,0.146,0.0,2196000000.0,15502000000.0,-14517000000.0,20868000000.0,3578000000.0,177000000.0,3296000000.0,-0.0376,0.012,175.8,-0.0081,-0.4909,0.124,0.023,0.0818,0.117,7.0,0.548,2.5672,4.4633,98.2486,105.8475,3.6112,73.0,3.9202,0.575,25.0,0.1632,0.0,19106250000.0,4327500000.0,23561500000.0,2.898,31.55,3.6095,0.1569,-0.1374,0.0128,-0.0146,-0.8475,CBS,69.360001,66.96277833333333,28405357234.41513
2016-12-31,1.0444,-0.7874,-1.433,-1.375,-1.375,-0.5084,0.0199,-0.2723,0.1097,-0.0181,0.198,0.2,-0.5824,0.0,2.4503,-0.195,-0.0887,3518000000.0,0.3054,2138000000.0,1380000000.0,0.0,590000000.0,901000000.0,479000000.0,107000000.0,-9000000.0,104000000.0,0.0,384000000.0,-113000000.0,0.0,-113000000.0,-0.21,-0.21,429702804.0,,0.18,0.3923,0.044,0.0279,-0.032,0.0836,155000000.0,98000000.0,-113000000.0,13166000000.0,0.0391,7956000000.0,5210000000.0,0.0,2124000000.0,2601000000.0,2609000000.0,411000000.0,1889000000.0,628000000.0,0.0,291000000.0,1261000000.0,0.0,1261000000.0,2.84,2.81,429702804.0,0.66,0.3957,0.192,0.1747,0.096,0.1131,2525000000.0,2300000000.0,1261000000.0,8.585,38.959,0.684,21.8174,1.3917,2.5413,0.3868,0.9159,1.635,-3.354,-0.857,0.3093,0.1677,0.0,2355000000.0,16741000000.0,-14486000000.0,21810000000.0,3344500000.0,153500000.0,3546500000.0,-0.2243,0.0119,56.6258,-0.0242,-1.4912,0.253,0.053,0.0799,0.175,7.0,0.556,1.3362,4.103,91.8738,107.1768,3.9366,85.772,3.7124,0.232,16.0,0.1613,0.0,17867500000.0,4977000000.0,23681250000.0,3.465,30.64,5.5961,0.3507,-0.1163,0.0125,-0.0149,-0.8711,CBS,63.619999,62.052058823529414,27337691960.777195
2016-09-30,-0.0841,-0.0162,0.1221,0.2135,0.2159,1.2292,-0.0161,-0.0133,0.018,-0.0144,0.1102,0.2,1.0436,0.0,-0.1273,-0.0374,-0.078,3084000000.0,-0.0531,1788000000.0,1296000000.0,0.0,521000000.0,575000000.0,721000000.0,104000000.0,623000000.0,145000000.0,0.0,-12000000.0,478000000.0,0.0,478000000.0,1.08,1.07,444601753.0,,0.18,0.4202,0.253,0.2357,0.155,0.0042,781000000.0,727000000.0,478000000.0,12343000000.0,-0.0022,7838000000.0,4505000000.0,0.0,1705000000.0,1780000000.0,2725000000.0,407000000.0,2256000000.0,621000000.0,0.0,48000000.0,1635000000.0,0.0,1635000000.0,3.61,3.58,444601753.0,0.63,0.365,0.232,0.2157,0.132,0.1539,2867000000.0,2663000000.0,1635000000.0,12.029,26.581,0.029,20.1461,0.4026,1.6748,0.3756,6.9904,1.761,0.1151,0.167,0.5044,0.1689,0.0,2359000000.0,11818000000.0,-13043000000.0,17498000000.0,3372500000.0,161000000.0,3512500000.0,-0.7636,0.0136,11.2394,-0.0136,-0.7778,0.3,0.069,0.0826,0.216,7.0,0.524,1.2703,4.5244,99.0051,109.296,3.6599,76.6646,3.514,0.175,12.0,0.1381,0.0,17642000000.0,5445500000.0,23563000000.0,4.271,27.762,6.543,0.4414,-0.0857,0.0123,-0.0144,-0.8725,CBS,54.740002000000004,52.01222219444444,24337500848.423508
2016-06-30,-0.0716,0.1777,0.2741,0.3824,0.3881,-0.5,-0.0221,-0.0184,0.0381,0.0381,0.1121,0.0,-0.5492,0.0,-0.157,0.0966,-0.0795,2976000000.0,-0.0755,1758000000.0,1218000000.0,0.0,510000000.0,571000000.0,647000000.0,100000000.0,596000000.0,173000000.0,0.0,-50000000.0,423000000.0,0.0,423000000.0,0.94,0.93,453040120.0,,0.15,0.4093,0.253,0.2339,0.142,0.0632,753000000.0,696000000.0,423000000.0,12516000000.0,0.0029,7892000000.0,4624000000.0,0.0,1781000000.0,1871000000.0,2753000000.0,405000000.0,2270000000.0,687000000.0,0.0,60000000.0,1583000000.0,0.0,1583000000.0,3.42,3.39,453040120.0,0.6,0.3694,0.231,0.2137,0.126,0.1269,2890000000.0,2675000000.0,1583000000.0,11.893,24.508,0.415,18.5613,0.3885,1.5607,0.3634,6.96,1.651,0.5272,0.16,0.5201,0.1714,0.0,2009000000.0,11103000000.0,-12654000000.0,16249000000.0,3183500000.0,159500000.0,3127000000.0,-0.157,0.0141,10.9336,-0.0118,-0.614,0.284,0.067,0.0858,0.214,6.0,0.529,1.1257,3.5287,94.5745,96.0327,3.9315,78.4702,4.0026,0.175,12.0,0.1423,0.0,17470750000.0,5578250000.0,23660750000.0,3.505,27.627,6.6049,0.4704,-0.1089,0.0119,-0.0155,-0.9023,CBS,54.439999,53.51888858333333,24663503679.75988
2016-03-31,-0.0309,0.129,0.2005,0.3038,0.3077,1.4652,-0.012,-0.0725,0.0694,0.1162,0.0867,0.0,1.485,0.0,-0.1446,0.0917,-0.0759,3588000000.0,0.0251,2272000000.0,1316000000.0,0.0,503000000.0,554000000.0,762000000.0,100000000.0,679000000.0,206000000.0,0.0,-31000000.0,473000000.0,0.0,473000000.0,1.03,1.02,459540920.0,,0.15,0.3668,0.233,0.2171,0.132,0.277,836000000.0,779000000.0,473000000.0,12759000000.0,0.0249,8041000000.0,4718000000.0,0.0,1876000000.0,2022000000.0,2696000000.0,399000000.0,2171000000.0,679000000.0,0.0,110000000.0,1492000000.0,0.0,1492000000.0,3.16,3.13,459540920.0,0.6,0.3698,0.219,0.2014,0.117,0.1424,2794000000.0,2570000000.0,1492000000.0,11.931,24.936,2.163,17.9505,0.8944,1.5045,0.351,7.79,1.635,2.1734,0.146,0.5124,0.1402,0.0,2150000000.0,11459000000.0,-12484000000.0,15913000000.0,3486500000.0,185500000.0,2731500000.0,-0.0331,0.0109,9.3756,-0.0095,-0.5965,0.261,0.063,0.0854,0.201,5.0,0.536,1.3438,5.607,105.2175,81.3876,3.6595,68.7817,4.6711,0.19,13.0,0.147,0.0,17237250000.0,5722000000.0,23791750000.0,3.954,27.765,6.4411,0.4231,-0.0938,0.0118,-0.0147,-0.8393,CBS,55.09,50.429142885714285,25316109282.800003
2015-12-31,0.2054,-0.2291,-0.368,-0.3412,-0.3253,-0.2188,-0.0071,-0.1227,0.1879,-0.0243,0.1782,0.0,-0.2356,0.0,-0.0393,0.5617,-0.0902,2695000000.0,0.1257,2020000000.0,675000000.0,0.0,171000000.0,80000000.0,595000000.0,103000000.0,358000000.0,97000000.0,0.0,141000000.0,261000000.0,0.0,261000000.0,0.56,0.56,471529669.0,,0.15,0.2505,0.184,0.1711,0.097,0.2612,497000000.0,461000000.0,261000000.0,12671000000.0,0.0121,7911000000.0,4760000000.0,0.0,1961000000.0,2128000000.0,2632000000.0,392000000.0,2089000000.0,676000000.0,0.0,141000000.0,1413000000.0,0.0,1413000000.0,2.92,2.89,471529669.0,0.6,0.3757,0.214,0.1958,0.112,0.0965,2716000000.0,2481000000.0,1413000000.0,11.798,34.647,1.493,17.9162,0.6723,1.5186,0.3555,4.4757,1.614,2.954,0.268,0.3126,0.0635,0.0,2187000000.0,16337000000.0,-12455000000.0,20908000000.0,3417000000.0,230500000.0,2983000000.0,-0.0869,0.0108,16.3602,-0.0249,-1.8611,0.237,0.059,0.0818,0.196,5.0,0.531,0.9866,4.5801,97.22,92.9568,3.7082,54.9718,4.2477,0.205,12.0,0.1548,0.0,17111750000.0,5950500000.0,23863000000.0,2.594,26.872,6.3291,0.4108,-0.1227,0.0124,-0.0135,-0.7277,CBS,47.130001,48.948285857142864,22223193771.49967
2015-09-30,-0.0112,-0.5979,-0.7401,-0.711,-0.7096,0.2857,0.0334,-0.1466,0.2644,0.0056,0.2075,0.0,0.2137,0.0,-0.0324,0.1577,-0.0846,3257000000.0,-0.0327,1842000000.0,1415000000.0,0.0,597000000.0,666000000.0,749000000.0,102000000.0,637000000.0,211000000.0,0.0,0.0,426000000.0,0.0,426000000.0,0.89,0.88,482235274.0,,0.15,0.4344,0.247,0.2269,0.131,-0.0915,804000000.0,739000000.0,426000000.0,12370000000.0,-0.0968,7725000000.0,4645000000.0,0.0,1968000000.0,2227000000.0,2418000000.0,376000000.0,2242000000.0,677000000.0,0.0,-214000000.0,1565000000.0,0.0,1565000000.0,3.21,3.16,482235274.0,0.6,0.3755,0.231,0.2116,0.127,0.1164,2857000000.0,2618000000.0,1565000000.0,12.191,24.011,-0.618,18.2463,0.2758,1.4967,0.363,7.2451,1.619,-0.5634,0.169,0.5223,0.1833,0.0,2123000000.0,11579000000.0,-12805000000.0,16813000000.0,3387500000.0,182500000.0,3043000000.0,0.2417,0.012,10.7786,-0.0178,-0.8923,0.248,0.065,0.072,0.212,5.0,0.517,1.0288,4.9867,100.2348,98.2284,3.6517,67.7808,4.0651,0.187,10.0,0.1591,0.0,15354750000.0,6302250000.0,23905500000.0,2.986,25.651,6.9628,0.4475,-0.1056,0.012,-0.0137,-0.7113,CBS,39.900002,44.43194411111111,19241188397.07055
2015-06-30,-0.0561,-0.212,-0.2437,-0.1169,-0.1184,2.626,-0.1009,-0.2351,0.2966,0.0406,0.1802,0.25,4.0854,0.0,0.0272,-0.1984,-0.134,3219000000.0,0.0097,1907000000.0,1312000000.0,0.0,605000000.0,722000000.0,590000000.0,94000000.0,497000000.0,165000000.0,0.0,0.0,332000000.0,0.0,332000000.0,0.68,0.67,492142835.0,,0.15,0.4076,0.204,0.1836,0.103,0.1295,657000000.0,591000000.0,332000000.0,12480000000.0,-0.0844,7819000000.0,4661000000.0,0.0,1988000000.0,2345000000.0,2316000000.0,363000000.0,3354000000.0,576000000.0,0.0,-1781000000.0,2778000000.0,0.0,2778000000.0,5.4,5.31,492142835.0,0.6,0.3735,0.317,0.2978,0.223,0.1089,3959000000.0,3717000000.0,2778000000.0,12.116,22.355,0.847,16.4586,0.6502,1.3584,0.3423,6.2872,1.509,1.3434,0.221,0.535,0.1879,0.0,1765000000.0,11002000000.0,-12467000000.0,15315000000.0,3063000000.0,173000000.0,2735000000.0,-0.065,0.0134,11.8417,-0.009,-0.4394,0.414,0.117,0.0713,0.298,5.0,0.526,0.545,5.7909,91.367,86.5998,4.0744,72.1387,4.5631,0.111,9.0,0.1593,0.0,14747000000.0,6714000000.0,23709500000.0,2.761,25.358,10.2397,0.8844,-0.1024,0.0114,-0.0124,-0.6405,CBS,55.5,59.60055591666666,27313927342.5
2015-03-31,-0.0628,-0.1321,-0.1581,-0.0125,0.0,-0.1677,-0.0892,-0.0985,-0.035,-0.0018,0.2031,0.25,-0.1543,0.0,0.0017,-0.1231,-0.162,3500000000.0,-0.0196,2142000000.0,1358000000.0,0.0,588000000.0,660000000.0,698000000.0,93000000.0,597000000.0,203000000.0,0.0,0.0,394000000.0,0.0,394000000.0,0.79,0.78,497272250.0,,0.15,0.388,0.217,0.1971,0.113,0.1143,758000000.0,690000000.0,394000000.0,12449000000.0,-0.0987,7710000000.0,4739000000.0,0.0,1972000000.0,2277000000.0,2462000000.0,363000000.0,3513000000.0,628000000.0,0.0,-1802000000.0,2885000000.0,0.0,2885000000.0,5.49,5.4,497272250.0,0.57,0.3807,0.331,0.3114,0.232,0.0823,4123000000.0,3876000000.0,2885000000.0,12.864,22.362,0.804,15.5126,0.6656,1.2059,0.3243,7.4194,1.688,1.0584,0.19,0.5325,0.168,0.0,2128000000.0,11120000000.0,-12169000000.0,15411000000.0,3298000000.0,199000000.0,2397000000.0,-0.0408,0.0131,9.7401,-0.0049,-0.25,0.386,0.118,0.0755,0.311,5.0,0.511,0.4128,5.1309,96.6082,76.7588,3.7747,62.5578,5.1936,0.104,10.0,0.1584,0.0,14977000000.0,7473500000.0,24373000000.0,2.059,25.035,10.6777,0.8191,-0.1402,0.0115,-0.0134,-0.6761,CBS,60.630001,60.548055444444444,30149617014.77225
2014-12-31,-0.6135,-0.2173,-0.1213,0.0897,0.0921,0.7848,-0.0929,-0.1903,0.1052,0.0696,0.1094,0.25,1.0331,0.0,-0.7223,-0.4738,-0.1363,2394000000.0,-0.3296,1834000000.0,560000000.0,0.0,178000000.0,179000000.0,381000000.0,87000000.0,511000000.0,98000000.0,0.0,-214000000.0,413000000.0,0.0,413000000.0,0.85,0.83,518274106.0,,0.15,0.2339,0.266,0.2498,0.173,0.3847,638000000.0,598000000.0,413000000.0,12519000000.0,-0.1061,7689000000.0,4830000000.0,0.0,1971000000.0,2270000000.0,2560000000.0,363000000.0,3618000000.0,659000000.0,0.0,-1808000000.0,2959000000.0,0.0,2959000000.0,5.38,5.27,518274106.0,0.54,0.3858,0.338,0.318,0.236,0.0876,4231000000.0,3981000000.0,2959000000.0,13.448,21.666,1.777,13.7225,0.8258,1.0204,0.2971,6.8736,1.36,2.3898,0.176,0.5309,0.0744,0.0,1452000000.0,11229000000.0,-11480000000.0,13880000000.0,3346500000.0,294000000.0,2604000000.0,-0.0669,0.0084,10.4765,-0.0276,-1.65,0.37,0.119,0.0796,0.318,5.0,0.502,0.4309,8.805,100.8495,79.8574,3.7409,42.5816,4.8076,0.1,9.0,0.1574,0.0,14814250000.0,7991000000.0,24955250000.0,2.117,24.155,10.9669,1.0256,-0.1396,0.0109,-0.0142,-0.712,CBS,55.34,53.92542882857143,28681289026.04
2014-09-30,-0.0466,1.2608,2.3178,2.7561,2.7875,-2.2491,-0.0942,-0.1066,0.1036,0.0487,0.2883,0.25,-2.6844,0.0,-0.075,-0.1597,-0.1289,3367000000.0,0.0197,1936000000.0,1431000000.0,0.0,617000000.0,784000000.0,647000000.0,89000000.0,1749000000.0,110000000.0,0.0,-1567000000.0,1639000000.0,0.0,1639000000.0,3.08,3.03,526818716.0,,0.15,0.425,0.566,0.5459,0.487,-0.1126,1906000000.0,1838000000.0,1639000000.0,13696000000.0,0.0423,7977000000.0,5719000000.0,0.0,2434000000.0,2816000000.0,2903000000.0,370000000.0,3777000000.0,761000000.0,0.0,-1642000000.0,3016000000.0,0.0,3016000000.0,5.43,5.33,526818716.0,0.51,0.4176,0.323,0.3028,0.22,0.0459,4430000000.0,4147000000.0,3016000000.0,14.286,20.876,-0.719,13.2095,0.3379,0.9247,0.2967,20.6517,1.591,-0.205,0.049,0.5311,0.1832,0.0,2007000000.0,10998000000.0,-10525000000.0,14382000000.0,3299500000.0,211500000.0,2448500000.0,0.128,0.0098,3.5577,-0.0128,-0.6324,0.345,0.118,0.0892,0.303,6.0,0.536,0.2788,5.2234,90.0241,73.4744,4.1509,64.7565,5.5936,0.094,8.0,0.1777,0.0,15291500000.0,8740000000.0,25568250000.0,1.194,25.998,11.2081,0.8868,-0.2521,0.0129,-0.0155,-0.7491,CBS,53.5,58.050000194444436,28184801306.0
2014-06-30,-0.0589,-0.0625,-0.0699,-0.0128,0.0,-0.7349,0.0242,0.0123,-0.0274,0.0013,0.2583,0.0,-0.8093,0.0,-0.0636,-0.0429,-0.0738,3188000000.0,-0.0537,1798000000.0,1390000000.0,0.0,589000000.0,654000000.0,736000000.0,94000000.0,656000000.0,217000000.0,0.0,-21000000.0,439000000.0,0.0,439000000.0,0.77,0.76,568296059.0,,0.12,0.436,0.258,0.2353,0.138,0.0257,821000000.0,750000000.0,439000000.0,13631000000.0,0.0402,7842000000.0,5789000000.0,0.0,2484000000.0,2763000000.0,3026000000.0,374000000.0,2748000000.0,877000000.0,0.0,-138000000.0,1871000000.0,0.0,1871000000.0,3.17,3.1,568296059.0,0.48,0.4247,0.25,0.229,0.137,0.0905,3407000000.0,3122000000.0,1871000000.0,15.839,23.878,0.144,10.9925,0.4593,0.694,0.2374,7.9787,1.624,0.2802,0.156,0.4843,0.1848,0.0,2071000000.0,13570000000.0,-11650000000.0,16235000000.0,3000000000.0,183000000.0,2251500000.0,-0.3333,0.0138,7.2911,-0.0129,-0.5775,0.202,0.071,0.0827,0.229,7.0,0.521,0.7728,3.963,80.3852,67.184,4.5437,74.4863,6.0542,0.151,14.0,0.1822,0.0,14995500000.0,9276250000.0,26178250000.0,2.17,23.986,8.3476,0.5353,-0.1473,0.0147,-0.0156,-0.7474,CBS,62.139998999999996,59.73857174285714,35313916537.963936
2014-03-31,-0.0747,0.0298,0.0564,0.1268,0.1304,-0.1465,0.0002,-0.0443,0.2361,0.0546,0.0168,0.0,-0.1447,0.0,-0.0969,-0.0025,-0.0569,3570000000.0,-0.1163,2121000000.0,1449000000.0,0.0,587000000.0,653000000.0,796000000.0,93000000.0,702000000.0,234000000.0,0.0,-6000000.0,468000000.0,0.0,468000000.0,0.8,0.78,593378347.0,,0.12,0.4059,0.243,0.2227,0.131,0.1325,866000000.0,795000000.0,468000000.0,13812000000.0,0.0573,7936000000.0,5876000000.0,0.0,2524000000.0,2817000000.0,3059000000.0,374000000.0,2798000000.0,894000000.0,0.0,-154000000.0,1904000000.0,0.0,1904000000.0,3.18,3.1,593378347.0,0.48,0.4254,0.247,0.2297,0.138,0.1145,3417000000.0,3172000000.0,1904000000.0,14.269,18.789,0.797,13.472,0.5241,0.9441,0.3061,8.5484,1.247,1.0705,0.15,0.5731,0.1644,0.0,1005000000.0,11149000000.0,-12571000000.0,14760000000.0,3215500000.0,227500000.0,2158000000.0,-0.0559,0.0112,8.8718,-0.0078,-0.3944,0.202,0.073,0.0858,0.23,6.0,0.531,0.9386,5.8931,87.2332,57.5036,4.2954,60.7121,6.4004,0.151,13.0,0.1827,0.0,14176750000.0,9426250000.0,26022500000.0,2.664,23.277,8.4813,0.598,-0.1153,0.0146,-0.0149,-0.8408,CBS,61.799999,65.07457165714285,36670781251.22165
2013-12-31,0.4756,0.207,0.1959,0.2581,0.2459,0.6507,-0.003,0.0332,0.0866,0.0309,0.0115,0.0,0.6533,0.0,0.3082,0.3843,-0.0556,3571000000.0,0.4702,2122000000.0,1449000000.0,0.0,641000000.0,725000000.0,724000000.0,94000000.0,670000000.0,200000000.0,0.0,-48000000.0,470000000.0,0.0,470000000.0,0.78,0.76,600083960.0,,0.12,0.4058,0.234,0.2139,0.132,0.1269,837000000.0,764000000.0,470000000.0,14005000000.0,0.0924,8124000000.0,5881000000.0,0.0,2546000000.0,2849000000.0,3032000000.0,375000000.0,2757000000.0,878000000.0,0.0,-141000000.0,1879000000.0,0.0,1879000000.0,3.09,3.01,600083960.0,0.48,0.4199,0.244,0.2236,0.134,0.1186,3422000000.0,3132000000.0,1879000000.0,16.608,23.212,0.755,10.7235,0.6132,0.6457,0.2439,8.1277,1.276,1.1766,0.154,0.4721,0.1795,0.0,1163000000.0,13929000000.0,-11051000000.0,15789000000.0,3185500000.0,336000000.0,2455000000.0,-0.1808,0.0165,7.2485,-0.028,-1.3699,0.195,0.072,0.085,0.224,5.0,0.538,0.9968,7.4538,84.2849,64.3474,4.3965,41.6815,5.7047,0.155,14.0,0.1818,0.0,13653500000.0,9658000000.0,26021500000.0,2.768,23.338,8.352,0.7161,-0.1132,0.0159,-0.0151,-0.731,CBS,63.740002000000004,59.681142971428585,38249352810.567924
2013-09-30,-0.031,0.1276,0.2634,0.3443,0.3333,0.2117,-0.0188,-0.0053,0.0639,0.0059,-0.0056,0.0,0.3473,0.0,0.0341,-0.0191,-0.055,3302000000.0,0.011,1801000000.0,1501000000.0,0.0,667000000.0,731000000.0,770000000.0,93000000.0,720000000.0,226000000.0,0.0,-63000000.0,494000000.0,0.0,494000000.0,0.82,0.8,604807073.0,,0.12,0.4546,0.267,0.2462,0.15,0.0681,883000000.0,813000000.0,494000000.0,13140000000.0,-0.0315,7614000000.0,5526000000.0,0.0,2436000000.0,2666000000.0,2860000000.0,375000000.0,2643000000.0,841000000.0,0.0,-196000000.0,1802000000.0,0.0,1802000000.0,2.93,2.86,604807073.0,0.48,0.4205,0.243,0.2297,0.137,0.1128,3187000000.0,3018000000.0,1802000000.0,15.99,17.974,0.372,10.4265,0.3737,0.6521,0.2435,8.7419,1.303,0.5445,0.146,0.5802,0.202,0.0,1139000000.0,10871000000.0,-11332000000.0,13198000000.0,3211500000.0,286000000.0,2146000000.0,-0.1636,0.0173,6.8856,-0.0133,-0.6286,0.185,0.069,0.0802,0.23,4.0,0.505,0.9184,6.3056,89.4722,59.4444,4.0915,45.9441,6.123,0.164,13.0,0.1854,0.0,12870500000.0,9719750000.0,26041250000.0,2.45,21.726,8.048,0.5397,-0.1045,0.0146,-0.0132,-1.0237,CBS,55.16,53.879999828571435,33361158146.679996
2013-06-30,-0.0628,0.054,0.1054,0.1818,0.1692,-0.2418,-0.0406,0.0023,-0.0556,0.0084,0.0761,0.2,-0.2362,0.0,-0.0541,-0.0327,-0.0533,3369000000.0,0.012,1892000000.0,1477000000.0,0.0,629000000.0,708000000.0,769000000.0,94000000.0,706000000.0,234000000.0,0.0,-37000000.0,472000000.0,0.0,472000000.0,0.78,0.76,613588747.0,,0.12,0.4384,0.247,0.2375,0.14,0.1276,831000000.0,800000000.0,472000000.0,13104000000.0,-0.0411,7530000000.0,5574000000.0,0.0,2414000000.0,2699000000.0,2875000000.0,376000000.0,2550000000.0,851000000.0,0.0,-139000000.0,1699000000.0,0.0,1699000000.0,2.72,2.66,613588747.0,0.48,0.4254,0.24,0.2233,0.13,0.1087,3141000000.0,2926000000.0,1699000000.0,15.647,17.347,0.701,10.4679,0.4596,0.669,0.25,8.5106,1.247,0.9831,0.154,0.5857,0.1867,0.0,945000000.0,10644000000.0,-11322000000.0,12960000000.0,2985500000.0,263500000.0,1923500000.0,-0.0733,0.0137,7.3899,-0.0101,-1.0968,0.172,0.065,0.0815,0.223,5.0,0.501,0.9464,6.0722,83.5066,55.5411,4.3892,49.7306,6.8126,0.176,12.0,0.1842,0.0,12726000000.0,9874250000.0,26165500000.0,2.321,21.356,7.7819,0.5355,-0.1144,0.0132,-0.014,-0.8558,CBS,48.869999,49.00882347058825,29986081452.301254
2013-03-31,0.0807,0.1454,0.2204,0.2679,0.2778,-0.0913,-0.0107,-0.0312,0.0917,-0.0606,0.0705,0.2,-0.0949,0.0,0.0125,0.1701,-0.0307,4040000000.0,0.0643,2474000000.0,1566000000.0,0.0,650000000.0,768000000.0,798000000.0,95000000.0,677000000.0,234000000.0,0.0,20000000.0,443000000.0,0.0,443000000.0,0.71,0.69,629160629.0,,0.12,0.3876,0.22,0.1911,0.11,0.1369,888000000.0,772000000.0,443000000.0,13064000000.0,-0.0617,7391000000.0,5673000000.0,0.0,2450000000.0,2772000000.0,2901000000.0,386000000.0,2499000000.0,845000000.0,0.0,-77000000.0,1654000000.0,0.0,1654000000.0,2.6,2.55,629160629.0,0.46,0.4342,0.244,0.2208,0.127,0.1192,3188000000.0,2885000000.0,1654000000.0,14.931,17.561,0.879,10.2788,0.6501,0.6884,0.2477,8.1263,1.184,1.3251,0.169,0.5768,0.1609,0.0,819000000.0,11049000000.0,-11458000000.0,12667000000.0,3231000000.0,285500000.0,2069500000.0,-0.0579,0.0149,6.8221,-0.0084,-0.2931,0.165,0.063,0.0831,0.221,6.0,0.494,1.0617,6.4819,87.4502,59.7903,4.0433,45.7583,6.3126,0.177,12.0,0.1875,0.0,12539250000.0,10003500000.0,26437500000.0,2.475,20.764,7.4741,0.5452,-0.1133,0.0127,-0.0152,-0.6568,CBS,46.689999,44.762120848484855,29375509138.849373
2012-12-31,-0.3035,-0.0365,0.0622,0.0877,0.0893,3.8551,0.0094,0.0617,-0.01,0.0165,0.0941,0.2,12.4167,0.0,-0.0909,-0.2942,-0.0291,2429000000.0,-0.2352,1447000000.0,982000000.0,0.0,490000000.0,459000000.0,523000000.0,93000000.0,540000000.0,147000000.0,0.0,-116000000.0,393000000.0,0.0,393000000.0,0.62,0.61,635387969.0,,0.12,0.4043,0.241,0.2606,0.162,0.1128,585000000.0,633000000.0,393000000.0,12820000000.0,-0.0599,7264000000.0,5556000000.0,0.0,2442000000.0,2771000000.0,2785000000.0,401000000.0,2386000000.0,812000000.0,0.0,-66000000.0,1574000000.0,0.0,1574000000.0,2.45,2.39,635387969.0,0.44,0.4334,0.241,0.2174,0.123,0.126,3093000000.0,2787000000.0,1574000000.0,16.074,17.917,0.431,9.3203,1.1143,0.5798,0.2238,6.8065,1.451,0.8524,0.194,0.5699,0.2017,0.0,1779000000.0,11384000000.0,-10533000000.0,12657000000.0,3111500000.0,355000000.0,2336000000.0,-0.1821,0.0119,8.9128,-0.0251,1.2708,0.155,0.059,0.0797,0.217,8.0,0.484,1.1531,10.9899,89.314,69.498,4.1202,36.1127,5.488,0.18,10.0,0.1905,0.0,12419500000.0,10156000000.0,26508000000.0,2.542,20.177,6.9501,0.3886,-0.1102,0.0115,-0.0156,-0.6536,CBS,38.049999,35.68294120588235,24176511585.06203
2012-09-30,-0.0039,0.0842,0.1568,0.1961,0.2,1.5814,0.0106,0.088,-0.0107,0.0283,0.082,0.2,4.7586,0.0,-0.1017,0.151,-0.0446,3266000000.0,-0.0294,1717000000.0,1549000000.0,0.0,645000000.0,764000000.0,785000000.0,94000000.0,627000000.0,236000000.0,0.0,-6000000.0,391000000.0,0.0,391000000.0,0.61,0.6,640031051.0,,0.12,0.4743,0.256,0.2208,0.12,0.0511,837000000.0,721000000.0,391000000.0,13567000000.0,-0.0146,7583000000.0,5984000000.0,0.0,2491000000.0,2981000000.0,3003000000.0,413000000.0,2398000000.0,847000000.0,0.0,136000000.0,1551000000.0,0.0,1551000000.0,2.4,2.35,640031051.0,0.42,0.4411,0.239,0.2072,0.114,0.0971,3248000000.0,2811000000.0,1551000000.0,16.076,17.66,0.261,9.2605,1.4796,0.5761,0.2246,7.6702,1.58,0.5678,0.197,0.5717,0.1975,0.0,2125000000.0,11303000000.0,-10315000000.0,12620000000.0,3158000000.0,359500000.0,2070500000.0,-0.2477,0.0116,5.9498,-0.0168,-0.4741,0.154,0.059,0.0861,0.207,7.0,0.513,0.9987,9.2817,86.1451,57.8964,4.2961,37.7385,6.5525,0.175,10.0,0.1836,0.0,12383500000.0,10079750000.0,26446500000.0,2.058,21.197,6.8063,0.3449,-0.1498,0.0108,-0.0171,-0.5309,CBS,36.330002,36.414117941176464,23252329362.8921
2012-06-30,0.0129,0.0327,0.081,0.1186,0.1207,-0.1257,0.021,0.0495,0.1344,-0.0169,0.1698,0.0,-0.1285,0.0,-0.0264,0.0758,-0.0309,3329000000.0,-0.0717,1753000000.0,1576000000.0,0.0,665000000.0,781000000.0,795000000.0,104000000.0,655000000.0,228000000.0,0.0,25000000.0,427000000.0,0.0,427000000.0,0.66,0.65,648141431.0,,0.1,0.4734,0.264,0.228,0.128,0.1691,878000000.0,759000000.0,427000000.0,13666000000.0,-0.0025,7676000000.0,5990000000.0,0.0,2564000000.0,3090000000.0,2900000000.0,429000000.0,2326000000.0,828000000.0,0.0,142000000.0,1498000000.0,0.0,1498000000.0,2.3,2.25,648141431.0,0.4,0.4383,0.235,0.2016,0.11,0.0863,3210000000.0,2755000000.0,1498000000.0,15.611,18.012,0.869,10.4931,2.9129,0.6722,0.2539,7.2981,1.459,1.4333,0.152,0.5641,0.1998,0.0,2008000000.0,11674000000.0,-10281000000.0,12213000000.0,2998500000.0,340500000.0,1718500000.0,-0.0801,0.0117,5.5957,-0.0147,-0.4118,0.15,0.057,0.0846,0.202,6.0,0.518,0.9433,8.253,79.4047,49.4911,4.5576,40.1351,7.9523,0.174,10.0,0.1876,0.0,12234500000.0,9982000000.0,26377000000.0,1.819,21.085,6.4219,0.3403,-0.1656,0.0105,-0.0171,-0.5143,CBS,32.779999,31.632000000000005,21246075460.038567
2012-03-31,0.1742,0.553,0.797,0.8667,0.8621,-0.2774,0.0008,0.0596,-0.0117,0.0591,0.1249,1.0,-0.2837,0.0,-0.0243,0.5291,-0.0347,3796000000.0,0.0815,2347000000.0,1449000000.0,0.0,642000000.0,767000000.0,682000000.0,110000000.0,564000000.0,201000000.0,0.0,31000000.0,363000000.0,0.0,363000000.0,0.56,0.54,649083865.0,,0.1,0.3817,0.209,0.1776,0.096,0.161,793000000.0,674000000.0,363000000.0,13923000000.0,0.0356,7953000000.0,5970000000.0,0.0,2582000000.0,3126000000.0,2844000000.0,435000000.0,2296000000.0,830000000.0,0.0,117000000.0,1466000000.0,0.0,1466000000.0,2.23,2.18,649083865.0,0.4,0.4288,0.23,0.1962,0.105,0.0906,3206000000.0,2731000000.0,1466000000.0,15.412,17.267,0.941,9.1267,1.2233,0.5922,0.2245,6.1273,1.393,1.7796,0.179,0.5753,0.1691,0.0,1633000000.0,11208000000.0,-10606000000.0,12188000000.0,3239000000.0,357500000.0,1888000000.0,-0.0542,0.0108,6.4691,-0.0092,-0.2941,0.147,0.056,0.0828,0.196,9.0,0.531,1.0239,8.8871,87.3504,52.405,4.2985,38.9455,7.3745,0.179,10.0,0.1854,0.0,12118250000.0,9939500000.0,26239000000.0,1.944,21.45,6.2782,0.3583,-0.1592,0.0105,-0.0172,-0.5032,CBS,33.91,30.732571514285713,22010433862.149998
2011-12-31,0.0429,0.0987,0.3074,0.3571,0.4,-0.5714,0.0029,0.0496,-0.003,-0.0499,0.0543,1.0,-1.3429,0.0,-0.0253,-0.0013,-0.0389,3176000000.0,-0.0396,1766000000.0,1410000000.0,0.0,539000000.0,669000000.0,741000000.0,105000000.0,552000000.0,182000000.0,0.0,86000000.0,370000000.0,0.0,370000000.0,0.57,0.56,654412056.0,,0.1,0.444,0.233,0.2069,0.116,-0.0076,740000000.0,657000000.0,370000000.0,13637000000.0,0.0127,7882000000.0,5755000000.0,0.0,2598000000.0,3147000000.0,2608000000.0,435000000.0,2056000000.0,751000000.0,0.0,86000000.0,1305000000.0,0.0,1305000000.0,1.97,1.92,654412056.0,0.35,0.422,0.219,0.1827,0.096,0.1103,2986000000.0,2491000000.0,1305000000.0,15.14,17.005,-0.037,9.141,1.0085,0.6038,0.2281,6.2571,1.409,0.1865,0.175,0.5756,0.1697,0.0,1612000000.0,11128000000.0,-10763000000.0,12513000000.0,3167000000.0,381500000.0,2173500000.0,-1.3478,0.0091,7.1919,-0.0293,-1.1205,0.132,0.05,0.0753,0.183,9.0,0.52,1.3402,8.672,82.5981,59.7136,4.306,35.7457,6.2742,0.178,9.0,0.1905,0.0,12063750000.0,9883500000.0,26233750000.0,2.298,20.839,5.7264,0.3276,-0.1401,0.0102,-0.018,-0.4949,CBS,27.139999,25.559411617647058,17760742545.427944
2011-09-30,0.126,0.0674,0.0662,0.0851,0.087,-0.7337,-0.0141,0.0558,-0.0836,0.0259,0.0217,1.0,-0.8885,0.0,0.1506,0.074,-0.0159,3365000000.0,0.0206,1810000000.0,1555000000.0,0.0,718000000.0,873000000.0,682000000.0,110000000.0,555000000.0,217000000.0,0.0,0.0,338000000.0,0.0,338000000.0,0.51,0.5,669884137.0,,0.1,0.4621,0.237,0.1976,0.1,0.0086,799000000.0,665000000.0,338000000.0,13768000000.0,0.0081,8071000000.0,5697000000.0,0.0,2612000000.0,3088000000.0,2609000000.0,458000000.0,1974000000.0,756000000.0,0.0,98000000.0,1218000000.0,0.0,1218000000.0,1.82,1.77,669884137.0,0.3,0.4138,0.212,0.1766,0.088,0.1161,2920000000.0,2432000000.0,1218000000.0,14.776,16.337,0.043,8.9433,1.4137,0.6053,0.2294,6.0455,1.379,0.2544,0.196,0.5809,0.2134,0.0,1502000000.0,10944000000.0,-10750000000.0,12024000000.0,3074750000.0,385700000.0,1967850000.0,-0.6628,0.0104,6.3129,-0.0169,-0.4254,0.124,0.046,0.0768,0.177,9.0,0.525,1.5115,9.915,82.5545,52.7299,4.4778,35.6961,6.9965,0.165,8.0,0.1897,0.0,12057750000.0,9861750000.0,26214500000.0,2.385,20.553,5.31,0.3025,-0.132,0.0101,-0.0176,-0.498,CBS,20.379998999999998,23.188611083333342,13652238042.175861
2011-06-30,0.2408,0.96,1.6333,1.6818,1.6364,0.2727,0.0083,0.1014,-0.0836,0.0443,-0.1166,1.0,0.3157,0.0,0.0149,0.7553,-0.0164,3586000000.0,0.0766,2030000000.0,1556000000.0,0.0,683000000.0,817000000.0,739000000.0,110000000.0,625000000.0,230000000.0,0.0,0.0,395000000.0,0.0,395000000.0,0.59,0.58,668784443.0,,0.1,0.4339,0.244,0.205,0.11,0.1801,874000000.0,735000000.0,395000000.0,13700000000.0,-0.0008,8177000000.0,5523000000.0,0.0,2518000000.0,2961000000.0,2562000000.0,475000000.0,1915000000.0,718000000.0,0.0,98000000.0,1197000000.0,0.0,1197000000.0,1.78,1.73,668784443.0,0.25,0.4031,0.21,0.1745,0.087,0.1335,2883000000.0,2390000000.0,1197000000.0,14.875,16.493,0.966,8.964,2.0126,0.6026,0.2286,6.6818,1.449,1.7722,0.169,0.5795,0.1905,0.0,1764000000.0,11030000000.0,-10586000000.0,11748000000.0,2959800000.0,352350000.0,1688500000.0,-0.0771,0.0114,5.3192,-0.0151,-0.3885,0.123,0.045,0.0763,0.174,9.0,0.521,1.736,9.9109,80.5664,42.2015,4.6287,38.8818,8.1137,0.14,10.0,0.1838,0.0,12086900000.0,9769000000.0,26308150000.0,2.735,20.485,5.0316,0.2746,-0.1198,0.0103,-0.0182,-0.5051,CBS,28.49,26.763889027777783,19053668781.07
2011-03-31,0.2761,2.2632,8.7692,8.5,8.25,0.2753,-0.0144,0.0874,-0.1401,-0.0165,-0.1146,0.0,0.2924,0.0,0.0682,2.1857,-0.0058,3510000000.0,-0.0059,2276000000.0,1234000000.0,0.0,658000000.0,788000000.0,446000000.0,110000000.0,324000000.0,122000000.0,0.0,0.0,202000000.0,0.0,202000000.0,0.3,0.29,672399794.0,,0.05,0.3516,0.163,0.1236,0.058,0.243,573000000.0,434000000.0,202000000.0,13445000000.0,0.0044,8224000000.0,5221000000.0,0.0,2508000000.0,2977000000.0,2244000000.0,499000000.0,1531000000.0,579000000.0,0.0,98000000.0,952000000.0,0.0,952000000.0,1.41,1.37,672399794.0,0.2,0.3883,0.188,0.151,0.071,0.1245,2528000000.0,2030000000.0,952000000.0,14.545,16.572,1.269,8.9143,1.4456,0.6129,0.2273,3.9455,1.344,4.4257,0.167,0.5775,0.1875,0.0,1442000000.0,11143000000.0,-10955000000.0,11970000000.0,3172350000.0,355800000.0,1892000000.0,-0.0459,0.0097,8.7644,-0.0117,-0.295,0.099,0.036,0.0661,0.151,9.0,0.512,2.0252,10.2075,85.4065,48.2414,4.2382,37.7881,7.1062,0.142,11.0,0.1865,0.0,12266975000.0,9577750000.0,26254450000.0,2.49,19.996,4.0681,0.2331,-0.1317,0.0102,-0.0189,-0.51,CBS,25.040001,23.44527805555555,16836891514.159794
2010-12-31,0.1004,1.5296,3.7723,3.6667,4.0,-0.5662,-0.0304,0.083,-0.1425,0.1199,-0.1699,0.0,-0.7624,0.0,-0.1436,2.0725,0.0055,3307000000.0,-0.0548,1955000000.0,1352000000.0,0.0,553000000.0,610000000.0,742000000.0,128000000.0,470000000.0,187000000.0,0.0,98000000.0,283000000.0,0.0,283000000.0,0.42,0.4,680893436.0,,0.05,0.4088,0.204,0.1808,0.086,0.0212,674000000.0,598000000.0,283000000.0,13466000000.0,0.0347,8512000000.0,4954000000.0,0.0,2466000000.0,3016000000.0,1938000000.0,527000000.0,1202000000.0,478000000.0,0.0,98000000.0,724000000.0,0.0,724000000.0,1.07,1.04,680893436.0,0.2,0.3679,0.166,0.1284,0.054,0.11,2229000000.0,1729000000.0,724000000.0,14.424,16.148,0.103,8.812,0.705,0.6109,0.2295,4.6719,1.34,0.5689,0.119,0.5794,0.1672,0.0,1369000000.0,10995000000.0,-10927000000.0,12489000000.0,3074100000.0,437700000.0,2332600000.0,-0.5652,0.0088,8.1899,-0.0275,-1.1974,0.077,0.027,0.0559,0.128,8.0,0.511,2.3964,11.8992,88.038,57.3548,4.3805,30.7654,5.773,0.187,11.0,0.1831,0.0,12465700000.0,9394275000.0,26350475000.0,2.175,19.777,3.2808,0.1782,-0.1464,0.0101,-0.0189,-0.508,CBS,19.049999,17.692285657142854,12971019274.906565
2010-09-30,0.1341,0.4739,0.527,0.5161,0.5333,0.8714,-0.0027,0.0722,-0.0643,0.1132,-0.1584,0.0,1.057,0.0,0.0058,0.4658,0.0044,3297000000.0,-0.0158,1916000000.0,1381000000.0,0.0,624000000.0,746000000.0,635000000.0,127000000.0,496000000.0,179000000.0,0.0,0.0,317000000.0,0.0,317000000.0,0.47,0.46,680738654.0,,0.05,0.4189,0.231,0.189,0.096,0.0789,762000000.0,623000000.0,317000000.0,13657800000.0,0.0471,8827200000.0,4830600000.0,0.0,2558700000.0,3393100000.0,1437500000.0,538500000.0,828900000.0,328600000.0,0.0,0.0,500300000.0,0.0,500300000.0,0.74,0.72,680738654.0,0.2,0.3537,0.142,0.1001,0.037,0.1249,1939500000.0,1367400000.0,500300000.0,13.995,16.624,0.382,9.6031,1.5748,0.6862,0.2468,4.9055,1.224,1.0189,0.106,0.5728,0.1893,0.0,1037700000.0,11316400000.0,-11282900000.0,12140600000.0,2881200000.0,385500000.0,2129900000.0,-0.195,0.0112,7.1722,-0.0191,-0.4532,0.054,0.019,0.0421,0.1,8.0,0.514,3.8879,10.6204,81.1227,52.0249,4.7403,35.4288,6.4124,0.27,12.0,0.1873,0.0,12612075000.0,9193875000.0,26555225000.0,2.506,20.063,2.5393,0.1345,-0.1231,0.0099,-0.0175,-0.4186,CBS,15.86,14.768055583333336,10796515052.44
2010-06-30,0.2271,0.8186,8.7403,10.0,10.0,0.3196,-0.0004,0.0657,-0.0637,0.0816,-0.1494,0.0,0.3961,0.0,0.0756,0.7637,0.0007,3331000000.0,0.108,2077000000.0,1254000000.0,0.0,673000000.0,833000000.0,421000000.0,134000000.0,241000000.0,91000000.0,0.0,0.0,150000000.0,0.0,150000000.0,0.22,0.22,679963017.0,,0.05,0.3765,0.156,0.1126,0.045,0.1474,519000000.0,375000000.0,150000000.0,13710800000.0,0.0491,9043500000.0,4667300000.0,0.0,2555100000.0,3431600000.0,1235700000.0,546900000.0,620200000.0,229300000.0,0.0,0.0,390900000.0,0.0,390900000.0,0.58,0.56,679963017.0,0.2,0.3404,0.127,0.0851,0.029,0.1147,1747600000.0,1167100000.0,390900000.0,13.505,15.695,0.722,9.6211,1.2326,0.7124,0.2515,2.7985,1.341,3.6667,0.227,0.5898,0.202,0.0,1333800000.0,10672100000.0,-11589700000.0,12468300000.0,2786400000.0,358350000.0,1950500000.0,-0.1073,0.0111,10.9902,-0.0177,-0.4097,0.043,0.015,0.0363,0.085,7.0,0.516,4.5912,8.8569,77.0848,47.7321,4.9206,38.2609,7.0294,0.345,13.0,0.1864,0.0,12886250000.0,9023675000.0,26573200000.0,2.312,20.164,2.134,0.0965,-0.1241,0.0102,-0.0162,-0.3836,CBS,12.93,14.408055555555555,8791921809.81
2010-03-31,0.1419,0.534,0.5298,0.5,0.5,33.6047,0.0133,0.0605,-0.0225,0.0906,-0.1364,0.0,7.8966,0.0,0.0332,0.4644,0.0071,3531000000.0,0.1174,2564000000.0,967000000.0,0.0,616000000.0,827000000.0,140000000.0,138000000.0,-5000000.0,21000000.0,0.0,0.0,-26000000.0,0.0,-26000000.0,-0.04,-0.04,676300000.0,,0.05,0.2739,0.078,0.0377,-0.007,0.1869,274000000.0,133000000.0,-26000000.0,13386100000.0,-0.0052,8950900000.0,4435200000.0,0.0,2507800000.0,3381800000.0,1053400000.0,546800000.0,451500000.0,195200000.0,0.0,0.0,256300000.0,0.0,256300000.0,0.38,0.36,676300000.0,0.2,0.3313,0.118,0.0746,0.019,0.107,1580000000.0,998300000.0,256300000.0,13.376,16.826,0.976,10.3073,1.2904,0.7706,0.2605,0.9638,1.211,-26.9615,-1.25,0.5747,0.1745,0.0,992900000.0,11379100000.0,-12004800000.0,12764900000.0,3065800000.0,345000000.0,2165500000.0,-0.0585,0.0093,22.2558,-0.0116,-0.2908,0.029,0.01,0.0305,0.075,7.0,0.504,6.4826,9.1508,87.2192,54.7251,4.3663,38.8003,6.1815,0.526,16.0,0.1873,0.0,12978425000.0,8880450000.0,26576125000.0,2.118,19.793,1.8257,0.0678,-0.1377,0.0102,-0.0171,-0.3933,CBS,13.94,13.86277777777778,9427622000.0
2009-12-31,-0.0364,-0.2211,-0.5643,-0.5714,-0.619,-0.1426,-0.0044,0.0528,0.0001,0.0547,-0.0216,-0.8148,-0.0444,0.0,-0.0485,-0.1797,-0.0036,3498800000.0,-0.008,2270200000.0,1228600000.0,0.0,645700000.0,987100000.0,241500000.0,139500000.0,96900000.0,37600000.0,0.0,0.0,59300000.0,0.0,59300000.0,0.09,0.08,677169610.0,,0.05,0.3511,0.11,0.0676,0.017,0.0842,384500000.0,236400000.0,59300000.0,13015000000.0,-0.0671,8700000000.0,4315000000.0,0.0,2488000000.0,3306000000.0,1009000000.0,542000000.0,410000000.0,183000000.0,0.0,0.0,227000000.0,0.0,227000000.0,0.34,0.33,677169610.0,0.2,0.3315,0.118,0.0731,0.017,0.052,1535000000.0,952000000.0,227000000.0,13.319,17.043,0.435,10.3326,1.0584,0.7758,0.2595,1.6946,1.188,6.258,0.556,0.572,0.1845,0.0,890400000.0,11540800000.0,-12305700000.0,13074500000.0,2825050000.0,449600000.0,2577300000.0,-0.2061,0.0079,16.3334,-0.0219,-0.5165,0.026,0.009,0.0287,0.073,7.0,0.491,4.1366,12.2386,81.3348,71.4912,4.607,28.948,5.0499,0.588,17.0,0.1912,0.0,13083525000.0,8736350000.0,26488550000.0,1.0,19.22,1.7565,0.0605,-0.279,0.0104,-0.0201,-0.4494,CBS,14.05,13.593714285714288,9514233020.5
2009-09-30,-0.0813,1.0309,1.0167,1.0167,1.0161,0.8905,-0.0226,-0.0325,-0.016,-0.0192,-0.0089,-0.8148,4.3176,0.0,-0.0887,1.0317,-0.0032,3350000000.0,-0.0076,2132300000.0,1217700000.0,0.0,620400000.0,784500000.0,433200000.0,135400000.0,287300000.0,79700000.0,0.0,0.0,207600000.0,0.0,207600000.0,0.31,0.3,677723939.0,,0.05,0.3635,0.17,0.1262,0.062,0.0377,570100000.0,422700000.0,207600000.0,13043100000.0,-0.0803,8681700000.0,4361400000.0,0.0,2520900000.0,3299500000.0,1061900000.0,541300000.0,477800000.0,174000000.0,0.0,0.0,303800000.0,0.0,303800000.0,0.46,0.45,677723939.0,0.42,0.3344,0.123,0.0781,0.023,0.053,1604700000.0,1019100000.0,303800000.0,13.053,16.15,0.187,10.3086,0.6991,0.7898,0.263,3.1219,1.209,0.8314,0.161,0.5879,0.1852,0.0,880700000.0,10945300000.0,-12613000000.0,13237300000.0,2753650000.0,380300000.0,2323500000.0,-0.2677,0.0124,11.4236,-0.0138,-0.3134,0.035,0.011,0.0303,0.078,7.0,0.492,3.2939,10.4549,76.31,64.7301,4.7367,34.2969,5.6136,0.913,15.0,0.1933,0.0,13091050000.0,8630825000.0,26518275000.0,1.019,19.245,1.8827,0.0804,-0.3098,0.0104,-0.0238,-0.5294,CBS,12.05,11.219166666666666,8166573464.950001
2009-06-30,-0.2861,-0.7341,-0.9623,-0.9672,-0.9672,-0.3002,-0.369,-0.6064,-0.0145,0.0034,0.0288,-0.8148,-0.2424,0.0,-0.0639,-0.6867,-0.0023,3006300000.0,-0.1142,1984400000.0,1021900000.0,0.0,625700000.0,783200000.0,238700000.0,133900000.0,72300000.0,56900000.0,0.0,0.0,15400000.0,0.0,15400000.0,0.02,0.02,679484264.0,,0.05,0.3399,0.117,0.0686,0.005,0.117,351400000.0,206200000.0,15400000.0,13068800000.0,-0.0723,8599600000.0,4469200000.0,0.0,2581300000.0,17499900000.0,-13030700000.0,540700000.0,-13603800000.0,-1237800000.0,0.0,0.0,-12366000000.0,0.0,-12366000000.0,-18.43,-18.43,679484264.0,0.64,0.342,-0.955,-0.9996,-0.946,0.0403,-12485200000.0,-13063100000.0,-12366000000.0,12.672,15.201,0.518,10.2825,0.5026,0.8115,0.2685,1.54,1.139,27.0649,2.5,0.6031,0.2081,0.0,574200000.0,10328600000.0,-12704700000.0,12837000000.0,2672600000.0,374150000.0,2078500000.0,-0.1562,0.0113,18.9109,-0.0217,-0.4483,-1.419,-0.464,-0.3776,-1.0,5.0,0.49,-0.0743,10.7248,74.7718,58.8746,4.8899,34.9293,6.2876,-0.035,-1.0,0.1975,0.0,13074375000.0,8712650000.0,26671575000.0,0.774,19.233,-24.1596,-3.5005,-0.4277,0.0101,-0.0301,-0.6804,CBS,6.92,7.533611111111112,4702031106.88
2009-03-31,-0.3321,-0.8377,-1.2264,-1.2162,-1.2222,-1.0209,-0.3564,-0.6037,0.0006,0.0034,0.1517,-0.8,-1.102,0.0,0.0263,-0.8176,-0.0135,3159900000.0,-0.1352,2313100000.0,846800000.0,0.0,596200000.0,751200000.0,95600000.0,133200000.0,-46500000.0,8800000.0,0.0,0.0,-55300000.0,0.0,-55300000.0,-0.08,-0.08,671500000.0,,0.05,0.268,0.072,0.0274,-0.018,-0.0303,229000000.0,86700000.0,-55300000.0,13456200000.0,-0.0436,8577500000.0,4878700000.0,0.0,2624000000.0,17386200000.0,-12507500000.0,541100000.0,-13034800000.0,-1061800000.0,0.0,0.0,-11973000000.0,0.0,-11973000000.0,-17.84,-17.84,671500000.0,0.86,0.3626,-0.887,-0.9285,-0.89,0.0475,-11937600000.0,-12493700000.0,-11973000000.0,12.613,16.017,-0.143,10.6198,0.3568,0.842,0.2701,0.6509,1.113,0.3888,-0.625,0.5927,0.1887,0.0,502000000.0,10755200000.0,-12972600000.0,13185300000.0,2927950000.0,341250000.0,2170950000.0,3.4512,0.0104,30.0943,-0.0235,-0.5214,-0.994,-0.393,-0.3598,-0.928,4.0,0.442,-0.0917,9.6131,79.555,63.0386,4.5958,39.4321,6.1983,-0.048,-1.0,0.195,0.0,13051400000.0,12041925000.0,30477050000.0,0.951,20.039,-23.0894,-3.4613,-0.4184,0.0102,-0.0341,-0.8263,CBS,3.84,4.472777777777777,2578560000.0
2008-12-31,-0.1625,-0.5267,-0.5245,-0.5116,-0.5116,0.496,-0.3302,-0.5964,-0.0129,0.0268,0.0337,0.08,1.5188,0.0,-0.0282,-0.5647,-0.008,3526900000.0,-0.0617,2251900000.0,1275000000.0,0.0,678600000.0,980600000.0,294400000.0,138800000.0,164700000.0,28600000.0,0.0,0.0,136100000.0,0.0,136100000.0,0.21,0.21,679588209.0,,0.27,0.3615,0.129,0.0861,0.039,0.0874,454200000.0,303500000.0,136100000.0,13950400000.0,-0.0087,8650700000.0,5299700000.0,0.0,2608700000.0,17378800000.0,-12079100000.0,546600000.0,-12592700000.0,-919300000.0,0.0,0.0,-11673400000.0,0.0,-11673400000.0,-17.43,-17.43,679588209.0,1.06,0.3799,-0.825,-0.8635,-0.837,0.1199,-11514500000.0,-12046100000.0,-11673400000.0,12.651,16.67,0.454,10.2946,0.6173,0.8138,0.2583,2.1866,1.086,3.18,1.286,0.5817,0.1924,0.0,415000000.0,11328900000.0,-13267700000.0,13104600000.0,2713950000.0,407550000.0,2562900000.0,-0.2877,0.0078,14.4795,-0.0353,-0.8261,-0.761,-0.342,-0.345,-0.863,4.0,0.409,-0.1839,12.1088,71.9487,68.168,5.1403,34.2299,5.4432,-0.061,-1.0,0.187,0.0,12935200000.0,15341250000.0,34133425000.0,2.461,20.528,-22.0382,-3.41,-0.2209,0.0099,-0.034,-0.8918,CBS,8.19,6.995142857142857,5565827431.71
2008-09-30,-0.0707,-21.7749,-37.3012,-38.9184,-39.7083,-0.7505,-0.3389,-0.5318,0.0063,0.0723,-0.0427,0.08,-1.141,0.0,0.0179,-22.4265,-0.0757,3375700000.0,0.0287,2050200000.0,1325500000.0,0.0,680800000.0,14984900000.0,-13659400000.0,134800000.0,-13794300000.0,-1332100000.0,0.0,0.0,-12462200000.0,0.0,-12462200000.0,-18.58,-18.58,679922824.0,,0.27,0.3927,-4.005,-4.0464,-3.692,-0.0113,-13519800000.0,-13659500000.0,-12462200000.0,14182300000.0,-0.001,8635300000.0,5547000000.0,0.0,2628400000.0,17244200000.0,-11697200000.0,551700000.0,-12260100000.0,-736800000.0,0.0,-29300000.0,-11523300000.0,0.0,-11523300000.0,-17.17,-17.18,679922824.0,1.04,0.3911,-0.79,-0.8256,-0.813,0.1048,-11208300000.0,-11708400000.0,-11523300000.0,13.492,16.613,-0.056,10.4425,0.8135,0.774,0.2613,-101.3316,1.117,-0.0073,-0.015,0.5843,0.2017,0.0,545600000.0,11295800000.0,-12782400000.0,13170600000.0,2686650000.0,381300000.0,2386000000.0,-1.4173,0.0113,-0.4843,-0.0383,-0.9263,-0.621,-0.308,-0.3328,-0.826,4.0,0.378,-0.1738,9.96,71.5572,60.066,5.2788,37.1946,5.944,-0.061,-1.0,0.1853,0.0,12967325000.0,18560025000.0,37470750000.0,2.186,20.859,-21.2224,-3.2222,-0.2579,0.0096,-0.0364,-1.0328,CBS,14.58,16.329166694444446,9913274773.92
