,gross_profit_growth_q,ebit_growth_q,net_income_growth_q,eps_growth_q,eps_diluted_growth_q,weighted_average_shares_diluted_growth_q,operating_cash_flow_growth_q,asset_growth_q,book_value_per_share_growth_q,debt_growth_q,trade_and_non-trade_receivables_growth_q,inventory_growth_q,dividends_per_basic_common_share_growth_q,free_cash_flow_growth_q,research_and_development_(r&d)_expenses_growth_q,"selling,_general_and_administrative_(sg&a)_expenses_growth_q",operating_income_growth_q,weighted_average_shares_growth_q,revenue_q,revenue_growth_q,cost_of_revenue_q,gross_profit_q,research_and_development_(r&d)_expenses_q,"selling,_general_and_administrative_(sg&a)_expenses_q",operating_expenses_q,operating_income_q,interest_expense_q,earnings_before_tax_q,income_tax_expense_q,net_income_to_non-controlling_interests_q,net_income_from_discontinued_operations_q,net_income_q,preferred_dividends_income_statement_impact_q,net_income_common_q,eps_q,eps_diluted_q,weighted_average_shares_q,weighted_average_shares_diluted_q,dividends_per_common_share_q,gross_margin_q,ebitda_margin_q,ebit_margin_q,profit_margin_q,free_cash_flow_margin_q,ebitda_q,ebit_q,consolidated_income_q,revenue_t,revenue_growth_t,cost_of_revenue_t,gross_profit_t,research_and_development_(r&d)_expenses_t,"selling,_general_and_administrative_(sg&a)_expenses_t",operating_expenses_t,operating_income_t,interest_expense_t,earnings_before_tax_t,income_tax_expense_t,net_income_to_non-controlling_interests_t,net_income_from_discontinued_operations_t,net_income_t,preferred_dividends_income_statement_impact_t,net_income_common_t,eps_t,eps_diluted_t,weighted_average_shares_t,weighted_average_shares_diluted_t,dividends_per_common_share_t,gross_margin_t,ebitda_margin_t,ebit_margin_t,profit_margin_t,free_cash_flow_margin_t,ebitda_t,ebit_t,consolidated_income_t,book_value_per_share_q,tangible_book_value_per_share_q,fcf_per_share_q,interest_debt_per_share_q,cash_per_share_q,debt_to_equity_ratio_q,total_debt_to_total_assets_q,interest_coverage_q,current_ratio_q,income_quality_q,payout_ratio_q,intangible_assets_out_of_total_assets_q,"selling,_general_and_administrative_expense_of_revenue_q",research_and_development_expense_of_revenue_q,working_capital_q,tangible_asset_value_q,net_current_asset_value_q,invested_capital_q,average_receivables_q,average_payables_q,average_inventory_q,capex/operating_cf_q,roe_t,roa_t,roic_t,return_on_sales_t,piotroski_f-score_t,asset_turnover_t,income_quality_t,average_days_of_payables_t,average_days_of_receivables_t,days_of_inventory_on_hand_t,account_receivables_turnover_t,account_payables_turnover_t,inventory_turnover_t,payout_ratio_t,ev/ebit_t,"selling,_general_and_administrative_expense_of_revenue_t",research_and_development_expense_of_revenue_t,invested_capital_average_t,average_equity_t,average_assets_t,fcf_per_share_t,sales_per_share_t,interest_coverage_t,return_on_tangible_assets_t,capex/operating_cf_t,ticker,price,sma_50,market_cap
2018-06-30,-0.0813,-0.735,-0.4655,-0.4,-0.4,0.0146,-0.0196,-0.1699,-0.5964,-0.0576,-0.0178,-0.0173,0.0,-0.0009,0.0889,0.109,-0.9613,0.0146,44740000.0,-0.0786,15136000.0,29604000.0,6244000.0,35138000.0,45110000.0,-15506000.0,5863000.0,-23850000.0,26000.0,0.0,0.0,-23876000.0,0.0,-23876000.0,-0.28,-0.28,84462000.0,84462000.0,0.0,0.6617,-0.359,-0.402,-0.534,-0.2887,-16048000.0,-17987000.0,-23876000.0,177013000.0,-0.072,58620000.0,118393000.0,21498000.0,128475000.0,165222000.0,-46829000.0,23636000.0,-73061000.0,-624000.0,0.0,0.0,-72437000.0,0.0,-72437000.0,-0.87,-0.87,84462000.0,84462000.0,0.0,0.6688,-0.232,-0.2792,-0.409,-0.1867,-41028000.0,-49425000.0,-72437000.0,0.469,1.592,-0.153,2.7315,0.4456,5.8222,0.6913,-3.0679,1.904,0.5322,0.0,0.5971,0.7854,0.1396,55057000.0,134457000.0,-178179000.0,266653000.0,33210000.0,12107000.0,43177500.0,0.0166,-1.119,-0.203,-0.1157,-0.279,3.0,0.495,0.4459,27.1853,67.8644,88.2534,5.3301,14.6207,4.0997,0.0,-13.0,0.7258,0.1214,271878250.0,64735250.0,357525500.0,-0.391,2.096,-2.0911,-0.9956,0.0232,ELGX,5.66,5.709142857142858,478054920.0
2018-03-31,-0.011,0.1773,0.0726,0.0769,0.0769,0.0094,0.2377,0.0249,-0.3852,0.2693,-0.053,0.073,0.0,0.245,-0.0056,-0.077,0.1654,0.0094,42284000.0,-0.0077,13958000.0,28326000.0,5499000.0,32094000.0,41397000.0,-13071000.0,5807000.0,-19682000.0,85000.0,0.0,0.0,-19767000.0,0.0,-19767000.0,-0.24,-0.24,83706000.0,83706000.0,0.0,0.6699,-0.281,-0.3281,-0.467,-0.2382,-11883000.0,-13875000.0,-19767000.0,180829000.0,-0.0639,59816000.0,121013000.0,20988000.0,125022000.0,160242000.0,-39229000.0,23576000.0,-65381000.0,-528000.0,0.0,0.0,-64853000.0,0.0,-64853000.0,-0.79,-0.79,83706000.0,83706000.0,0.0,0.6692,-0.183,-0.2312,-0.359,-0.1827,-33015000.0,-41805000.0,-64853000.0,0.704,1.78,-0.12,2.7245,0.5984,3.8724,0.6528,-2.3894,2.125,0.4995,0.0,0.5735,0.759,0.13,68125000.0,148986000.0,-161755000.0,266391000.0,30508000.0,11308500.0,44251500.0,0.0203,-0.821,-0.173,-0.0957,-0.231,3.0,0.483,0.4943,26.2504,59.9045,92.4646,5.9273,15.9905,4.0864,0.0,-12.0,0.6914,0.1161,279387500.0,79017250.0,374607750.0,-0.395,2.16,-1.7732,-0.7478,0.0306,ELGX,4.23,4.168235294117646,354076380.00000006
2017-12-31,0.0643,0.5534,0.4174,0.4,0.4,0.0112,0.8709,0.0149,-0.3416,0.2726,-0.0968,0.097,0.0,0.8582,-0.4757,-0.1329,0.599,0.0112,44003000.0,-0.0729,12647000.0,31356000.0,4478000.0,31375000.0,40261000.0,-8905000.0,5945000.0,-15318000.0,-797000.0,0.0,0.0,-14521000.0,0.0,-14521000.0,-0.18,-0.18,83625000.0,83625000.0,0.0,0.7126,-0.164,-0.213,-0.33,-0.0499,-7195000.0,-9373000.0,-14521000.0,181157000.0,-0.061,59828000.0,121329000.0,21019000.0,127701000.0,163149000.0,-41820000.0,22064000.0,-66859000.0,-459000.0,0.0,0.0,-66400000.0,0.0,-66400000.0,-0.8,-0.8,83325000.0,83325000.0,0.0,0.6697,-0.197,-0.2473,-0.367,-0.2191,-35684000.0,-44795000.0,-66400000.0,0.898,1.958,-0.026,2.6963,0.7247,3.0039,0.6177,-1.5766,2.361,0.131,0.0,0.5515,0.713,0.1018,82504000.0,163717000.0,-146851000.0,267964000.0,34464500.0,12794000.0,43156500.0,0.1546,-0.754,-0.178,-0.1001,-0.247,3.0,0.486,0.5802,24.8851,65.909,90.9755,5.2563,14.1595,4.1977,0.0,-14.0,0.7049,0.116,277373250.0,88023750.0,372487500.0,-0.476,2.174,-2.0302,-0.6528,0.0304,ELGX,5.35,5.259090909090909,447393750.0
2017-09-30,-0.2119,0.2546,0.0638,0.0556,0.0556,0.0127,0.2969,0.0034,-0.3672,0.3643,-0.0946,-0.0162,0.0,0.3375,-0.3593,-0.1639,0.168,0.0127,45986000.0,-0.1177,16879000.0,29107000.0,5277000.0,29868000.0,38454000.0,-9347000.0,6021000.0,-14211000.0,62000.0,0.0,0.0,-14273000.0,0.0,-14273000.0,-0.17,-0.17,83496000.0,83496000.0,0.0,0.633,-0.128,-0.1781,-0.31,-0.1709,-5902000.0,-8190000.0,-14273000.0,184617000.0,-0.0004,65183000.0,119434000.0,25082000.0,132511000.0,174558000.0,-55124000.0,20279000.0,-76688000.0,116000.0,0.0,0.0,-76804000.0,0.0,-76804000.0,-0.93,-0.93,83496000.0,83496000.0,0.0,0.6469,-0.254,-0.3055,-0.416,-0.2686,-46893000.0,-56409000.0,-76804000.0,1.022,2.151,-0.094,2.8552,0.9221,2.7929,0.6241,-1.3602,2.898,0.5476,0.0,0.5299,0.6495,0.1148,103402000.0,179569000.0,-138739000.0,286505000.0,36216500.0,11924000.0,43036500.0,0.0055,-0.788,-0.207,-0.1295,-0.306,5.0,0.497,0.6246,21.5065,68.0467,84.393,5.0976,15.4828,4.2898,0.0,-9.0,0.7178,0.1359,275036500.0,97456500.0,371146750.0,-0.594,2.211,-2.7816,-0.6213,0.0338,ELGX,4.46,4.3500000000000005,372392160.0
2017-06-30,0.0939,0.8343,0.7562,0.7531,0.7531,0.0143,0.2009,0.0356,-0.3409,0.4204,-0.0915,0.0334,0.0,0.1939,-0.2567,-0.1883,0.6596,0.0143,48556000.0,-0.0474,16332000.0,32224000.0,5734000.0,31685000.0,40130000.0,-7906000.0,5803000.0,-16170000.0,122000.0,0.0,0.0,-16292000.0,0.0,-16292000.0,-0.2,-0.2,83247000.0,83247000.0,0.0,0.6636,-0.165,-0.2135,-0.336,-0.2658,-8035000.0,-10367000.0,-16292000.0,190753000.0,0.1168,63495000.0,127258000.0,28041000.0,138364000.0,184269000.0,-57011000.0,18342000.0,-77548000.0,228000.0,0.0,0.0,-77776000.0,0.0,-77776000.0,-0.94,-0.94,83247000.0,83247000.0,0.0,0.6671,-0.26,-0.3104,-0.408,-0.281,-49641000.0,-59206000.0,-77776000.0,1.162,2.386,-0.155,2.9409,1.0153,2.5303,0.6089,-1.7865,2.824,0.765,0.0,0.5059,0.6525,0.1181,113555000.0,198652000.0,-129497000.0,296690000.0,35195000.0,12406000.0,42850500.0,0.0355,-0.711,-0.21,-0.1322,-0.31,5.0,0.514,0.6592,21.1056,64.1165,83.3412,5.4199,15.3759,4.4516,0.0,-10.0,0.7254,0.147,269569500.0,109404500.0,370819500.0,-0.644,2.291,-3.2279,-0.5767,0.0453,ELGX,4.86,5.081388888888889,404580420.0
2017-03-31,0.0251,0.6148,0.5529,0.5806,0.5806,0.0817,0.6117,-0.1627,-0.3509,0.0567,-0.2005,-0.0137,0.0,0.6104,-0.2952,-0.0816,0.5922,0.0817,42612000.0,0.0058,13970000.0,28642000.0,5530000.0,34773000.0,44304000.0,-15662000.0,4295000.0,-21160000.0,154000.0,0.0,0.0,-21314000.0,0.0,-21314000.0,-0.26,-0.26,82928000.0,82928000.0,0.0,0.6722,-0.342,-0.3958,-0.5,-0.3131,-14552000.0,-16865000.0,-21314000.0,193171000.0,0.2126,68678000.0,124493000.0,30021000.0,145713000.0,196826000.0,-72333000.0,16354000.0,-127772000.0,549000.0,0.0,0.0,-128321000.0,0.0,-128321000.0,-1.55,-1.55,82928000.0,82928000.0,0.0,0.6445,-0.529,-0.5768,-0.664,-0.2935,-102188000.0,-111418000.0,-128321000.0,1.145,1.647,-0.161,2.1666,0.2115,1.8928,0.5271,-3.9267,2.799,0.6077,0.0,0.5994,0.816,0.1298,72597000.0,136566000.0,-132986000.0,258334000.0,35268500.0,12655500.0,42991500.0,0.0301,-1.057,-0.349,-0.1709,-0.577,1.0,0.526,0.424,18.162,59.2137,80.6711,5.4772,15.2638,4.4932,0.0,-7.0,0.7543,0.1554,261080500.0,121381250.0,367361250.0,-0.684,2.329,-6.8129,-1.3526,0.0422,ELGX,7.24,6.749166666666666,600398720.0
2016-12-31,0.2422,0.0368,-0.6298,-0.3043,-0.3043,0.2165,-0.1551,0.0865,-0.1026,0.0562,0.2529,0.4774,0.0,-0.1574,-0.0225,0.3275,-0.0204,0.2165,47463000.0,0.2098,18002000.0,29461000.0,8541000.0,36185000.0,51670000.0,-22209000.0,4160000.0,-25147000.0,-222000.0,0.0,0.0,-24925000.0,0.0,-24925000.0,-0.3,-0.3,82698000.0,82698000.0,0.0,0.6207,-0.388,-0.4422,-0.525,-0.3262,-18404000.0,-20987000.0,-24925000.0,192925000.0,0.2559,69133000.0,123792000.0,32337000.0,148803000.0,218866000.0,-95074000.0,15841000.0,-154179000.0,498000.0,0.0,0.0,-154677000.0,0.0,-154677000.0,-1.91,-1.91,80976000.0,80976000.0,0.0,0.6417,-0.67,-0.7171,-0.802,-0.4022,-129189000.0,-138338000.0,-154677000.0,1.364,1.868,-0.187,2.1425,0.34,1.5708,0.4926,-5.045,2.892,0.5913,0.0,0.5706,0.7624,0.18,84943000.0,154462000.0,-117046000.0,258617000.0,32561500.0,15393000.0,34510000.0,0.0506,-1.177,-0.403,-0.2237,-0.717,2.0,0.503,0.4836,25.0434,68.5199,77.8717,5.9249,12.5333,5.5904,0.0,-5.0,0.7713,0.1676,263909500.0,131452250.0,383916500.0,-0.958,2.382,-8.7329,-1.4294,0.0374,ELGX,5.72,7.226764705882352,473032560.0
2016-09-30,0.366,-0.1702,-0.3964,-0.125,-0.125,0.2158,-4.7005,0.6612,0.1047,1.3919,0.3843,0.2982,0.0,-3.9928,0.5087,0.3252,-0.2036,0.2158,52122000.0,0.3633,15191000.0,36931000.0,8236000.0,35721000.0,48165000.0,-11234000.0,4084000.0,-15071000.0,174000.0,0.0,0.0,-15245000.0,0.0,-15245000.0,-0.18,-0.18,82446000.0,82446000.0,0.0,0.7085,-0.166,-0.2108,-0.292,-0.2276,-8650000.0,-10987000.0,-15245000.0,184694000.0,0.2054,66646000.0,118048000.0,32534000.0,139878000.0,212680000.0,-94632000.0,14697000.0,-153838000.0,-8792000.0,0.0,0.0,-145046000.0,0.0,-145046000.0,-1.84,-1.84,82446000.0,82446000.0,0.0,0.6392,-0.711,-0.7534,-0.785,-0.4088,-131250000.0,-139141000.0,-145046000.0,1.615,2.111,-0.144,2.1194,0.2914,1.3123,0.459,-2.6903,2.471,0.7292,0.0,0.5429,0.6853,0.158,88376000.0,174013000.0,-99051000.0,264637000.0,32738500.0,13379000.0,38404500.0,0.0672,-1.124,-0.385,-0.2296,-0.753,1.0,0.49,0.5021,25.6319,75.1268,85.7432,5.6415,13.8048,4.8092,0.0,-9.0,0.7573,0.1762,262402000.0,129080750.0,376758000.0,-0.916,2.24,-9.4673,-1.2889,0.0367,ELGX,12.8,12.299444444444447,1055308800.0
2016-06-30,0.2207,-4.4668,-4.1409,-3.2632,-3.2632,0.2138,-2.3492,0.6783,0.1158,1.3886,0.2605,0.3779,0.0,-1.8442,0.2872,0.4624,-0.9118,0.2138,50974000.0,0.2912,21515000.0,29459000.0,7714000.0,39034000.0,52687000.0,-23228000.0,3815000.0,-66394000.0,443000.0,0.0,0.0,-66837000.0,0.0,-66837000.0,-0.81,-0.81,82072000.0,82072000.0,0.0,0.5779,-1.188,-1.2277,-1.311,-0.3141,-60582000.0,-62579000.0,-66837000.0,170803000.0,0.1226,62650000.0,108153000.0,29757000.0,131112000.0,200885000.0,-92732000.0,12119000.0,-149662000.0,-8944000.0,0.0,0.0,-140718000.0,0.0,-140718000.0,-1.82,-1.82,82072000.0,82072000.0,0.0,0.6332,-0.763,-0.8053,-0.824,-0.3865,-130361000.0,-137543000.0,-140718000.0,1.763,2.203,-0.195,2.1,0.3832,1.1914,0.4439,-16.4034,2.631,0.2334,0.0,0.5342,0.7658,0.1513,96248000.0,180835000.0,-88320000.0,262734000.0,33070500.0,12771000.0,36367000.0,0.0265,-1.167,-0.415,-0.2261,-0.805,1.0,0.504,0.4524,29.4516,78.8155,90.0645,5.1648,13.3743,4.6966,0.0,-8.0,0.7676,0.1742,236948500.0,120570250.0,338879500.0,-0.804,2.081,-11.3494,-1.1622,0.0369,ELGX,12.46,12.35527777777778,1022617120.0000001
2016-03-31,0.0385,-3.5332,-3.2514,-2.6471,-2.6471,0.1397,-1.8445,0.7121,0.0316,1.3857,0.4454,0.2318,0.0,-1.4638,0.2592,0.4082,-2.9743,0.1397,42366000.0,0.1553,14425000.0,27941000.0,7846000.0,37864000.0,66345000.0,-38404000.0,3782000.0,-47568000.0,103000.0,0.0,0.0,-47671000.0,0.0,-47671000.0,-0.62,-0.62,76661000.0,76661000.0,0.0,0.6595,-0.981,-1.0335,-1.125,-0.8084,-41554000.0,-43786000.0,-47671000.0,159308000.0,0.0551,56482000.0,102826000.0,28036000.0,118770000.0,184480000.0,-81654000.0,9797000.0,-96208000.0,-9326000.0,0.0,0.0,-86882000.0,0.0,-86882000.0,-1.2,-1.2,76661000.0,76661000.0,0.0,0.6455,-0.501,-0.5424,-0.545,-0.3492,-79782000.0,-86411000.0,-86882000.0,1.764,2.596,-0.447,2.2179,0.5188,1.2576,0.4177,-11.5775,2.89,0.6998,0.0,0.5111,0.8937,0.1852,112685000.0,199018000.0,-99571000.0,269650000.0,33159500.0,13414500.0,39216000.0,0.0267,-0.782,-0.29,-0.1953,-0.542,1.0,0.532,0.6068,35.9689,89.8112,99.182,4.8043,11.8758,4.0623,0.0,-8.0,0.7455,0.176,213162500.0,111118000.0,299651500.0,-0.726,2.078,-8.8201,-0.6267,0.0552,ELGX,8.36,8.231142857142856,640885960.0
2015-12-31,-0.1935,-0.6524,-0.0346,-0.0455,-0.0455,-0.0367,-0.1533,0.3338,-0.1359,1.3825,0.0862,-0.1106,0.0,0.0851,0.1289,0.0111,-0.9554,-0.0367,39232000.0,0.0099,15515000.0,23717000.0,8738000.0,27259000.0,45483000.0,-21766000.0,3016000.0,-24805000.0,-9512000.0,0.0,0.0,-15293000.0,0.0,-15293000.0,-0.23,-0.23,67980000.0,67980000.0,0.0,0.6045,-0.522,-0.5554,-0.39,-0.341,-20464000.0,-21789000.0,-15293000.0,153612000.0,0.0408,51821000.0,101791000.0,26421000.0,107794000.0,154704000.0,-52913000.0,7476000.0,-59761000.0,-9337000.0,0.0,0.0,-50424000.0,0.0,-50424000.0,-0.75,-0.75,67671000.0,67671000.0,0.0,0.6627,-0.302,-0.3404,-0.328,-0.2297,-46399000.0,-52285000.0,-50424000.0,1.52,3.828,-0.197,2.4676,1.8322,1.6238,0.5067,-7.2245,4.649,0.8342,0.0,0.2139,0.6948,0.2227,185557000.0,260247000.0,8669000.0,252587000.0,27758500.0,14288000.0,29592500.0,0.0485,-0.475,-0.196,-0.3215,-0.34,2.0,0.597,0.6166,41.6985,68.684,66.1986,5.5339,10.7511,5.1909,0.0,-14.0,0.7017,0.172,193165750.0,106067250.0,257322000.0,-0.521,2.27,-6.9937,-0.2414,0.1348,ELGX,9.9,9.86142857142857,673002000.0
2015-09-30,0.1467,0.27,0.2167,0.2381,0.2381,0.0354,0.6185,-0.1059,-0.2875,0.0503,0.0332,0.2046,0.0,0.7437,0.0275,0.0909,-0.0456,0.0354,38231000.0,0.0291,11195000.0,27036000.0,5459000.0,26955000.0,36370000.0,-9334000.0,1506000.0,-10895000.0,22000.0,0.0,0.0,-10917000.0,0.0,-10917000.0,-0.16,-0.16,67810000.0,67810000.0,0.0,0.7072,-0.203,-0.2456,-0.286,-0.0621,-7761000.0,-9389000.0,-10917000.0,153228000.0,0.0642,45746000.0,107482000.0,25423000.0,107495000.0,149760000.0,-42278000.0,5909000.0,-49590000.0,323000.0,0.0,0.0,-49913000.0,0.0,-49913000.0,-0.74,-0.74,67810000.0,67810000.0,0.0,0.7015,-0.247,-0.2851,-0.326,-0.2384,-37775000.0,-43681000.0,-49913000.0,1.462,2.332,-0.035,1.0773,0.5221,0.7371,0.3188,-6.2344,4.013,0.1786,0.0,0.3099,0.7051,0.1428,99325000.0,158142000.0,2250000.0,162823000.0,27021000.0,12296000.0,30584000.0,0.2185,-0.449,-0.211,-0.2066,-0.285,2.0,0.648,0.5889,32.844,65.4164,79.6136,5.6707,12.4616,5.0101,0.0,-20.0,0.7015,0.1659,177484750.0,111278000.0,236611750.0,-0.539,2.26,-7.3923,-0.4052,0.2426,ELGX,12.26,13.016666666666664,831350600.0
2015-06-30,-0.1535,-0.5012,-0.4457,-0.3571,-0.3571,0.0784,0.3514,-0.122,-0.313,0.05,0.0592,0.0739,0.0,0.4032,0.3443,0.0635,-2.2211,0.0784,39479000.0,0.0301,15347000.0,24132000.0,5993000.0,26692000.0,36282000.0,-12150000.0,1493000.0,-12940000.0,61000.0,0.0,0.0,-13001000.0,0.0,-13001000.0,-0.19,-0.19,67615000.0,67615000.0,0.0,0.6113,-0.253,-0.29,-0.329,-0.1426,-10003000.0,-11447000.0,-13001000.0,152147000.0,0.086,48124000.0,104023000.0,25277000.0,105249000.0,145894000.0,-41871000.0,5825000.0,-52979000.0,-45000.0,0.0,0.0,-52934000.0,0.0,-52934000.0,-0.79,-0.79,67615000.0,67615000.0,0.0,0.6837,-0.277,-0.3099,-0.348,-0.2854,-42151000.0,-47154000.0,-52934000.0,1.58,2.365,-0.083,1.0672,0.5364,0.6753,0.3119,-7.6671,4.714,0.3582,0.0,0.3087,0.6761,0.1518,104757000.0,159911000.0,8495000.0,167590000.0,28441500.0,11647500.0,29536000.0,0.2087,-0.441,-0.217,-0.1974,-0.31,2.0,0.625,0.6151,28.2122,70.1922,73.3805,5.3495,13.0626,5.1512,0.0,-23.0,0.6918,0.1661,186125000.0,120099250.0,243399500.0,-0.642,2.25,-8.0951,-0.4086,0.3337,ELGX,15.34,16.296111250000003,1037214100.0
2015-03-31,0.1075,-2.3997,-3.1177,-3.125,-3.125,0.0189,-2.9352,-0.0789,-0.024,0.0496,0.0376,0.4621,0.0,-1.1482,0.5179,0.1537,-0.8177,0.0608,36671000.0,0.1024,9765000.0,26906000.0,6231000.0,26888000.0,36569000.0,-9663000.0,1462000.0,-11121000.0,92000.0,0.0,0.0,-11213000.0,0.0,-11213000.0,-0.17,-0.17,67263000.0,67263000.0,0.0,0.7337,-0.223,-0.2634,-0.306,-0.3791,-8170000.0,-9659000.0,-11213000.0,150995000.0,0.1124,42597000.0,108398000.0,23742000.0,103656000.0,141891000.0,-33493000.0,5780000.0,-49112000.0,-186000.0,0.0,0.0,-48926000.0,0.0,-48926000.0,-0.74,-0.74,67263000.0,67263000.0,0.0,0.7179,-0.259,-0.287,-0.324,-0.3128,-39162000.0,-43332000.0,-48926000.0,1.71,2.468,-0.207,1.0596,0.3001,0.6197,0.2997,-6.6067,5.043,1.0458,0.0,0.3017,0.7332,0.1699,110965000.0,166025000.0,15650000.0,189663000.0,26629000.0,11181000.0,29589500.0,0.1854,-0.378,-0.195,-0.1532,-0.287,2.0,0.601,0.717,26.9045,65.5571,84.9511,5.6703,13.5046,5.103,0.0,-27.0,0.6865,0.1572,194184250.0,129445000.0,251436750.0,-0.702,2.245,-7.4969,-0.359,0.3462,ELGX,17.07,15.599722250000005,1148179410.0
2014-12-31,0.1277,-2.7902,-3.3311,-2.6667,-2.6667,0.1165,-107.451,-0.0312,0.0622,0.0493,0.0526,0.6016,0.0,-9.8787,1.093,0.2599,-8.764,0.1165,38847000.0,0.1021,9439000.0,29408000.0,7740000.0,26960000.0,40539000.0,-11131000.0,1448000.0,-14634000.0,148000.0,0.0,0.0,-14782000.0,0.0,-14782000.0,-0.22,-0.22,70568000.0,70568000.0,0.0,0.757,-0.305,-0.3394,-0.381,-0.3764,-11841000.0,-13186000.0,-14782000.0,147588000.0,0.1159,41801000.0,105787000.0,21616000.0,100074000.0,134933000.0,-29146000.0,5709000.0,-32480000.0,-62000.0,0.0,0.0,-32418000.0,0.0,-32418000.0,-0.5,-0.5,65225000.0,65225000.0,0.0,0.7168,-0.159,-0.1814,-0.22,-0.2696,-23488000.0,-26771000.0,-32418000.0,1.759,2.492,-0.207,0.9977,0.3797,0.5671,0.2837,-9.1064,4.988,0.7483,0.0,0.2914,0.694,0.1992,118143000.0,175878000.0,23708000.0,189863000.0,25946500.0,8646000.0,25441500.0,0.3217,-0.252,-0.126,-0.1381,-0.181,2.0,0.575,0.8123,27.2709,65.8117,77.4699,5.6882,17.0701,5.8011,0.0,-40.0,0.6781,0.1465,184698500.0,128471000.0,256530000.0,-0.61,2.263,-4.6893,-0.2254,0.5112,ELGX,15.29,13.51914285714286,1078984720.0
2014-09-30,-0.0896,-0.4598,-0.5504,-0.5,-0.5,0.0441,-2.5562,0.4999,0.3827,0.0,0.1131,0.5411,0.0,-4.0517,0.0297,0.1794,-3.0248,0.0441,37150000.0,0.117,13573000.0,23577000.0,5313000.0,24709000.0,32504000.0,-8927000.0,1422000.0,-14284000.0,-346000.0,0.0,0.0,-13938000.0,0.0,-13938000.0,-0.21,-0.21,65494000.0,65494000.0,0.0,0.6346,-0.327,-0.3462,-0.375,-0.2496,-12137000.0,-12862000.0,-13938000.0,143990000.0,0.1407,41534000.0,102456000.0,17574000.0,94512000.0,121611000.0,-19155000.0,4571000.0,-21636000.0,-587000.0,0.0,0.0,-21049000.0,0.0,-21049000.0,-0.33,-0.33,65494000.0,65494000.0,0.0,0.7115,-0.101,-0.1185,-0.146,-0.1842,-14563000.0,-17065000.0,-21049000.0,2.052,2.819,-0.142,1.062,0.4205,0.5175,0.2714,-9.045,5.415,0.3668,0.0,0.2797,0.6651,0.143,129137000.0,184619000.0,36481000.0,197384000.0,25230000.0,7974000.0,22875000.0,0.8136,-0.17,-0.081,-0.0946,-0.119,3.0,0.557,0.7304,27.387,67.3776,70.3333,5.7071,18.0574,6.2946,0.0,-44.0,0.6564,0.1221,159385750.0,123593750.0,258527000.0,-0.405,2.199,-3.7333,-0.1383,0.7249,ELGX,10.6,13.635555555555559,694236400.0
2014-06-30,0.1401,-2.3791,-2.5861,-2.5556,-2.5556,-0.0427,-5.2111,0.5429,0.4585,0.0,-0.0354,0.631,0.0,-7.5774,0.1664,0.1667,-0.4968,0.0059,38327000.0,0.1285,9820000.0,28507000.0,4458000.0,25099000.0,32279000.0,-3772000.0,1448000.0,-9073000.0,-80000.0,0.0,0.0,-8993000.0,0.0,-8993000.0,-0.14,-0.14,62699000.0,62699000.0,0.0,0.7438,-0.183,-0.1989,-0.235,-0.2461,-7014000.0,-7625000.0,-8993000.0,140100000.0,0.1708,35323000.0,104777000.0,17421000.0,90754000.0,117223000.0,-12446000.0,3156000.0,-16170000.0,-69000.0,0.0,0.0,-16101000.0,0.0,-16101000.0,-0.26,-0.26,62699000.0,62699000.0,0.0,0.7479,-0.076,-0.0929,-0.115,-0.1014,-10685000.0,-13014000.0,-16101000.0,2.3,3.055,-0.15,1.0961,0.5079,0.4765,0.2608,-5.2659,5.971,0.7984,0.0,0.273,0.6549,0.1163,142130000.0,191536000.0,51483000.0,199827000.0,28130500.0,9070000.0,22974000.0,0.3136,-0.142,-0.068,-0.0627,-0.093,3.0,0.591,0.4333,30.0519,71.9683,74.2089,4.9804,15.4465,6.0982,0.0,-77.0,0.6478,0.1243,117587000.0,113270000.0,237172000.0,-0.227,2.234,-4.1236,-0.1009,1.0365,ELGX,15.21,13.786571428571428,953651790.0
2014-03-31,0.0784,1.7672,1.5673,1.5333,1.5333,0.0616,0.122,0.5533,0.2278,0.0,0.0059,0.2925,0.0,-0.4393,0.1665,0.1028,-0.1842,0.0196,33264000.0,0.1168,8969000.0,24295000.0,4105000.0,23306000.0,29611000.0,-5316000.0,1390000.0,5511000.0,216000.0,0.0,0.0,5295000.0,0.0,5295000.0,0.08,0.08,63405000.0,66017000.0,0.0,0.7304,0.226,0.2075,0.159,-0.1945,7503000.0,6901000.0,5295000.0,135737000.0,0.2205,34463000.0,101274000.0,16785000.0,87168000.0,112468000.0,-11194000.0,1711000.0,-1571000.0,-133000.0,0.0,0.0,-1438000.0,0.0,-1438000.0,-0.03,-0.03,63405000.0,66017000.0,0.0,0.7461,0.019,0.001,-0.011,-0.0246,2609000.0,140000.0,-1438000.0,1.752,2.934,-0.102,1.0709,0.6652,0.6111,0.263,4.9647,2.869,-0.5628,0.0,0.2792,0.7006,0.1234,112249000.0,186057000.0,25275000.0,151720000.0,26061000.0,8859500.0,21316500.0,1.1715,-0.014,-0.007,-0.0891,0.001,3.0,0.634,-1.3268,30.2031,70.2857,64.6334,5.2084,15.3211,6.3677,0.0,5671.0,0.6422,0.1237,75627750.0,101780500.0,213995500.0,-0.053,2.141,0.0818,-0.0116,-2.7521,ELGX,12.87,14.734857199999993,816022350.0
2013-12-31,0.1806,0.446,0.4764,0.4545,0.4545,0.0266,0.9838,0.5517,0.0795,0.0,0.1031,0.0813,0.0,0.8119,-0.2107,-0.004,0.7999,0.0266,35249000.0,0.2063,9172000.0,26077000.0,3698000.0,21398000.0,27217000.0,-1140000.0,311000.0,-3790000.0,-377000.0,0.0,0.0,-3413000.0,0.0,-3413000.0,-0.06,-0.06,63207000.0,63207000.0,0.0,0.7398,-0.083,-0.0987,-0.097,-0.0381,-2915000.0,-3479000.0,-3413000.0,132257000.0,0.2483,32750000.0,99507000.0,16199000.0,84997000.0,109875000.0,-10368000.0,321000.0,-16078000.0,-10000.0,0.0,0.0,-16068000.0,0.0,-16068000.0,-0.26,-0.26,62607000.0,62607000.0,0.0,0.7524,-0.101,-0.1191,-0.121,-0.0103,-13406000.0,-15757000.0,-16068000.0,1.656,2.911,-0.021,1.0616,1.5054,0.6412,0.2619,-11.1865,2.579,0.0299,0.0,0.2818,0.6071,0.1049,106298000.0,183998000.0,22077000.0,88612000.0,24101000.0,6306500.0,18822500.0,12.1765,-0.167,-0.084,-0.1039,-0.119,4.0,0.692,-0.093,17.29,69.7727,53.9757,5.4876,20.9715,7.0265,0.0,-67.0,0.6427,0.1225,45981250.0,96196500.0,191007000.0,-0.022,2.112,-49.0872,-0.1414,-1.9157,ELGX,17.440001000000002,17.327999971428568,1102330143.2070003
2013-09-30,0.2788,-0.4661,-0.5349,-0.4,-0.4,0.0229,7.1632,0.0305,-0.0389,0.0,0.1989,-0.0555,0.0,4.0718,0.6775,0.1872,0.6801,0.0229,33260000.0,0.2459,7362000.0,25898000.0,5160000.0,20951000.0,28116000.0,-2218000.0,7000.0,-8818000.0,172000.0,0.0,0.0,-8990000.0,0.0,-8990000.0,-0.14,-0.14,62730000.0,62730000.0,0.0,0.7787,-0.248,-0.2649,-0.27,0.0913,-8259000.0,-8811000.0,-8990000.0,126229000.0,0.2608,30712000.0,95517000.0,17186000.0,85081000.0,110441000.0,-14924000.0,14000.0,-18571000.0,601000.0,0.0,0.0,-19172000.0,0.0,-19172000.0,-0.31,-0.31,62730000.0,62730000.0,0.0,0.7567,-0.129,-0.147,-0.152,-0.0568,-16238000.0,-18557000.0,-19172000.0,1.484,1.573,0.048,0.0,0.7889,0.0,0.0,-1258.7143,4.921,-0.3654,0.0,0.4227,0.6299,0.1551,74416000.0,98653000.0,15611000.0,30189000.0,21899000.0,7315500.0,18532500.0,-0.0752,-0.205,-0.114,-0.0911,-0.147,4.0,0.75,0.2461,14.8742,69.0507,52.0598,5.7641,17.255,6.8112,0.0,-52.0,0.674,0.1361,31431500.0,93654750.0,168233500.0,-0.114,2.012,-1325.5,-0.2413,0.5193,ELGX,16.139999,16.205142714285714,1012462137.27
2013-06-30,0.3001,1.8123,1.8468,1.8182,1.8182,0.1158,1.2828,0.0275,-0.0685,0.0,0.5689,-0.1197,0.0,1.2178,-0.2348,0.2265,0.549,0.0618,33964000.0,0.3315,8960000.0,25004000.0,3822000.0,21513000.0,27524000.0,-2520000.0,3000.0,5526000.0,-144000.0,0.0,0.0,5670000.0,0.0,5670000.0,0.09,0.09,62330000.0,65496000.0,0.0,0.7362,0.185,0.1628,0.167,0.0422,6280000.0,5529000.0,5670000.0,119665000.0,0.2501,29794000.0,89871000.0,15102000.0,81777000.0,109510000.0,-19639000.0,7000.0,-15763000.0,276000.0,0.0,0.0,-16039000.0,0.0,-16039000.0,-0.27,-0.27,62330000.0,65496000.0,0.0,0.751,-0.114,-0.1317,-0.134,-0.0936,-13612000.0,-15756000.0,-16039000.0,1.577,1.581,0.023,0.0,0.7252,0.0,0.0,1843.0,4.362,0.3007,0.0,0.4229,0.6334,0.1125,71785000.0,98545000.0,20650000.0,31990000.0,23445000.0,5759500.0,18651000.0,-0.1589,-0.171,-0.096,-0.1178,-0.132,3.0,0.717,0.5322,20.1465,87.3481,53.2684,5.1041,20.777,6.416,0.0,-50.0,0.6834,0.1262,30632250.0,94047750.0,166970000.0,-0.18,1.92,-2250.8571,-0.2084,0.3115,ELGX,13.28,13.503529411764704,827742400.0
2013-03-31,0.1785,0.4421,0.4412,0.4828,0.4828,0.0793,0.3995,0.2936,0.3349,0.0,0.4433,-0.0461,0.0,0.2569,-0.0643,0.199,-0.2218,0.0793,29784000.0,0.2147,7256000.0,22528000.0,3519000.0,21134000.0,27017000.0,-4489000.0,0.0,-8995000.0,339000.0,0.0,0.0,-9334000.0,0.0,-9334000.0,-0.15,-0.15,62189000.0,62189000.0,0.0,0.7564,-0.286,-0.302,-0.313,-0.151,-8511000.0,-8995000.0,-9334000.0,111210000.0,0.2441,27111000.0,84099000.0,16275000.0,77804000.0,106805000.0,-22706000.0,17000.0,-28109000.0,296000.0,0.0,0.0,-28405000.0,0.0,-28405000.0,-0.47,-0.47,62189000.0,62189000.0,0.0,0.7562,-0.235,-0.2526,-0.255,-0.1728,-26096000.0,-28092000.0,-28405000.0,1.427,1.511,-0.072,0.0,0.6758,0.0,0.0,0.0,4.695,0.3636,0.0,0.4347,0.7096,0.1182,69400000.0,93943000.0,10765000.0,33134000.0,21993500.0,6391500.0,19046500.0,0.3247,-0.301,-0.171,-0.1347,-0.253,3.0,0.671,0.5728,21.2908,85.2815,61.0368,5.0565,17.3997,5.8389,0.0,-34.0,0.6996,0.1463,30556500.0,94322500.0,165826000.0,-0.309,1.788,-1652.4706,-0.3787,0.1808,ELGX,16.15,15.655151484848485,1004352349.9999999
2012-12-31,0.2272,-0.6756,-0.778,-0.5714,-0.5714,0.0751,-0.3075,0.2675,0.1473,0.0,0.4373,-0.0007,0.0,-0.1787,0.1933,0.3518,-0.7449,0.0751,29221000.0,0.2492,7134000.0,22087000.0,4685000.0,21483000.0,27784000.0,-5697000.0,4000.0,-6284000.0,234000.0,0.0,0.0,-6518000.0,0.0,-6518000.0,-0.11,-0.11,61572000.0,61572000.0,0.0,0.7559,-0.197,-0.2149,-0.223,-0.2445,-5748000.0,-6280000.0,-6518000.0,105946000.0,0.2701,25282000.0,80664000.0,16571000.0,74219000.0,102555000.0,-21891000.0,7000.0,-35243000.0,531000.0,0.0,0.0,-35774000.0,0.0,-35774000.0,-0.6,-0.6,59811000.0,59811000.0,0.0,0.7614,-0.312,-0.3326,-0.338,-0.196,-33053000.0,-35236000.0,-35774000.0,1.534,1.506,-0.116,0.0,0.7328,0.0,0.0,-1570.0,5.093,0.9687,0.0,0.4384,0.7352,0.1603,70373000.0,92725000.0,16938000.0,30413000.0,19433500.0,6362500.0,18093000.0,0.1315,-0.409,-0.229,-0.1331,-0.333,3.0,0.677,0.5179,21.8698,78.9629,62.3125,5.4517,16.6516,5.8556,0.0,-24.0,0.7005,0.1564,29511750.0,87522000.0,156396750.0,-0.347,1.771,-5033.7143,-0.4747,0.1208,ELGX,14.24,13.642352941176469,876785280.0
2012-09-30,0.159,0.0872,0.113,0.1667,0.1667,0.0766,0.9313,0.2608,0.1403,0.0,0.2015,0.2394,0.0,0.8843,-0.1521,0.0685,-0.3465,0.0766,26696000.0,0.197,6444000.0,20252000.0,3076000.0,17647000.0,27185000.0,-6933000.0,0.0,-6010000.0,-153000.0,0.0,0.0,-5857000.0,0.0,-5857000.0,-0.1,-0.1,61327000.0,61327000.0,0.0,0.7586,-0.211,-0.2251,-0.219,-0.037,-5633000.0,-6010000.0,-5857000.0,100116000.0,0.263,23518000.0,76598000.0,15758000.0,68706000.0,96057000.0,-19459000.0,24000.0,-32711000.0,211000.0,0.0,0.0,-32922000.0,0.0,-32922000.0,-0.57,-0.57,61327000.0,61327000.0,0.0,0.7651,-0.305,-0.3265,-0.329,-0.1966,-30551000.0,-32687000.0,-32922000.0,1.544,1.524,-0.016,0.0,0.7784,0.0,0.0,0.0,4.715,0.091,0.0,0.4364,0.661,0.1152,69570000.0,93460000.0,17141000.0,26992000.0,18248000.0,8367500.0,17220000.0,0.8555,-0.396,-0.223,-0.1224,-0.326,3.0,0.678,0.5177,34.5874,72.6165,69.492,5.4864,11.9649,5.8139,0.0,-24.0,0.6863,0.1574,28348250.0,83045750.0,147684750.0,-0.321,1.632,-1361.9583,-0.4418,0.1549,ELGX,13.82,12.836764705882352,847539140.0
2012-06-30,0.28,0.5018,0.51,0.5417,0.5417,0.0442,-0.0189,0.2562,0.1757,0.0,0.4107,0.4621,0.0,-0.0466,-0.0353,0.2779,-0.0792,0.0442,25509000.0,0.3303,6277000.0,19232000.0,4995000.0,17540000.0,24819000.0,-5587000.0,13000.0,-6820000.0,-124000.0,0.0,0.0,-6696000.0,0.0,-6696000.0,-0.11,-0.11,58700000.0,58700000.0,0.0,0.7539,-0.243,-0.2668,-0.262,-0.2581,-6204000.0,-6807000.0,-6696000.0,95722000.0,0.279,21903000.0,73819000.0,16310000.0,67574000.0,91494000.0,-17675000.0,43000.0,-33304000.0,364000.0,0.0,0.0,-33668000.0,0.0,-33668000.0,-0.59,-0.59,58700000.0,58700000.0,0.0,0.7712,-0.322,-0.3475,-0.352,-0.2846,-30795000.0,-33261000.0,-33668000.0,1.693,1.64,-0.112,0.0,0.8721,0.0,0.0,-523.6154,6.795,0.9005,0.0,0.4207,0.6876,0.1958,77613000.0,96273000.0,24194000.0,31687000.0,15596000.0,4730000.0,16703000.0,0.0919,-0.428,-0.242,-0.1087,-0.347,3.0,0.688,0.7208,18.7377,69.601,75.6448,6.1376,20.2372,5.7308,0.0,-27.0,0.7059,0.1704,27013750.0,78666000.0,139108000.0,-0.464,1.631,-773.5116,-0.4084,0.1225,ELGX,15.44,14.335428571428574,906328000.0
2012-03-31,0.3486,-2.3672,-2.4834,-2.2222,-2.2222,0.0307,-0.4578,-0.0218,-0.3409,0.0,0.5723,0.8764,0.0,-0.34,-0.0612,0.2888,0.2385,0.0307,24519000.0,0.3219,5403000.0,19116000.0,3761000.0,17627000.0,22790000.0,-3674000.0,7000.0,-16129000.0,574000.0,0.0,0.0,-16703000.0,0.0,-16703000.0,-0.29,-0.29,57620000.0,57620000.0,0.0,0.7796,-0.63,-0.6575,-0.681,-0.2467,-15451000.0,-16122000.0,-16703000.0,89388000.0,0.2534,19776000.0,69612000.0,16493000.0,63760000.0,86877000.0,-17265000.0,32000.0,-40150000.0,488000.0,0.0,0.0,-40638000.0,0.0,-40638000.0,-0.72,-0.72,57620000.0,57620000.0,0.0,0.7788,-0.418,-0.4488,-0.455,-0.3015,-37382000.0,-40118000.0,-40638000.0,1.069,1.012,-0.105,0.0,0.254,0.0,0.0,-2303.1429,3.632,0.3384,0.0,0.5461,0.7189,0.1534,38743000.0,58312000.0,-13436000.0,28955000.0,14726500.0,8825500.0,14943000.0,0.0704,-0.549,-0.311,-0.1089,-0.449,2.0,0.684,0.5944,25.7086,73.512,79.6084,6.0699,10.1284,5.9819,0.0,-21.0,0.7133,0.1845,23262750.0,74053500.0,130635000.0,-0.468,1.551,-1253.6875,-0.9363,0.1156,ELGX,14.65,13.517142857142856,844133000.0
2011-12-31,0.1992,-0.133,-1.3127,-1.2917,-1.3043,0.0047,-0.8645,-0.0307,-0.282,0.0,0.253,1.1675,0.0,-1.2145,0.4573,0.0464,0.0127,0.1355,23392000.0,0.2156,5394000.0,17998000.0,3926000.0,15892000.0,21263000.0,-3265000.0,4000.0,-3752000.0,-86000.0,0.0,0.0,-3666000.0,0.0,-3666000.0,-0.07,-0.07,57273000.0,57273000.0,0.0,0.7694,-0.139,-0.1602,-0.157,-0.2591,-3263000.0,-3748000.0,-3666000.0,83417000.0,0.2404,18746000.0,64671000.0,16738000.0,60180000.0,83087000.0,-18416000.0,32000.0,-28816000.0,-86000.0,0.0,0.0,-28730000.0,0.0,-28730000.0,-0.51,-0.51,56592000.0,56592000.0,0.0,0.7753,-0.312,-0.3451,-0.344,-0.3047,-26055000.0,-28784000.0,-28730000.0,1.337,1.043,-0.106,0.0,0.3498,0.0,0.0,-937.0,3.95,1.3172,0.0,0.5413,0.6794,0.1678,41155000.0,59743000.0,1418000.0,25759000.0,14337000.0,5000000.0,13224500.0,0.2551,-0.353,-0.219,-0.1196,-0.345,1.0,0.635,0.779,27.9032,69.7778,79.1941,5.8183,16.6834,6.3078,0.0,-22.0,0.7214,0.2007,19519750.0,81326500.0,131350000.0,-0.449,1.474,-899.5,-0.6299,0.1355,ELGX,11.48,11.165588235294118,657494040.0
2011-09-30,0.2435,-13.2511,-13.1695,-11.0,-11.0,0.1662,-14.6105,1.3763,0.4766,-1.0,0.295,1.1108,0.0,-25.634,0.3691,0.4693,-8.789,0.1662,22302000.0,0.2477,4829000.0,17473000.0,3628000.0,16515000.0,22622000.0,-5149000.0,19000.0,-6603000.0,0.0,0.0,0.0,-6603000.0,0.0,-6603000.0,-0.12,-0.12,56961000.0,56961000.0,0.0,0.7835,-0.264,-0.2952,-0.296,-0.3833,-5877000.0,-6584000.0,-6603000.0,79268000.0,0.2854,17587000.0,61681000.0,15506000.0,59106000.0,80139000.0,-18458000.0,33000.0,-28377000.0,-15037000.0,0.0,0.0,-13340000.0,0.0,-13340000.0,-0.21,-0.22,56961000.0,56961000.0,0.0,0.7781,-0.321,-0.3576,-0.168,-0.2787,-25484000.0,-28344000.0,-13340000.0,1.354,1.065,-0.15,0.0,0.4191,0.0,0.0,-346.5263,3.772,1.1749,0.0,0.5388,0.7405,0.1627,41930000.0,60653000.0,2688000.0,21654000.0,14690000.0,8326000.0,11332500.0,0.1018,-0.156,-0.101,-0.1247,-0.358,2.0,0.599,1.51,33.3744,76.3356,70.8146,5.3961,9.5205,6.9947,0.0,-19.0,0.7456,0.1956,16331250.0,85660000.0,132380000.0,-0.388,1.392,-858.9091,-0.2942,0.0967,ELGX,10.04,9.699722222222222,571888440.0
2011-06-30,0.2477,-35.1481,-34.9632,-23.0,-23.0,0.1633,-6.4817,1.51,0.5601,-1.0,0.1517,1.1485,0.0,-4.8849,1.8767,0.4002,-26.6845,0.1633,19175000.0,0.2249,4150000.0,15025000.0,5178000.0,13726000.0,20202000.0,-5177000.0,2000.0,-13666000.0,0.0,0.0,0.0,-13666000.0,0.0,-13666000.0,-0.24,-0.24,56217000.0,56217000.0,0.0,0.7836,-0.667,-0.7126,-0.713,-0.3281,-12791000.0,-13664000.0,-13666000.0,74840000.0,0.2999,16580000.0,58260000.0,14528000.0,53831000.0,72095000.0,-13835000.0,18000.0,-22240000.0,-15037000.0,0.0,0.0,-7203000.0,0.0,-7203000.0,-0.1,-0.11,56217000.0,56217000.0,0.0,0.7785,-0.26,-0.2969,-0.096,-0.1763,-19459000.0,-22222000.0,-7203000.0,1.44,1.086,-0.112,0.0,0.549,0.0,0.0,-6832.0,4.304,0.433,0.0,0.5384,0.7158,0.27,44693000.0,61073000.0,6847000.0,16683000.0,12087000.0,5737500.0,9941500.0,0.063,-0.093,-0.064,-0.0984,-0.297,2.0,0.66,1.6403,22.1712,63.1044,66.1721,6.1918,13.044,7.528,0.0,-22.0,0.7193,0.1941,14270750.0,77573500.0,113336500.0,-0.235,1.331,-1234.5556,-0.1521,0.1169,ELGX,9.3,8.228888888888887,522818100.00000006
2011-03-31,0.2748,-20.7636,-20.3111,0.0,0.0,0.1649,-1.9777,1.5575,0.7962,-1.0,0.1705,0.7424,0.0,-1.9802,1.1619,0.5116,-22.652,0.1649,18548000.0,0.2809,4373000.0,14175000.0,4006000.0,13677000.0,19000000.0,-4825000.0,7000.0,-4795000.0,0.0,0.0,0.0,-4795000.0,0.0,-4795000.0,-0.09,-0.09,55906000.0,55906000.0,0.0,0.7642,-0.222,-0.2581,-0.259,-0.2434,-4124000.0,-4788000.0,-4795000.0,71319000.0,0.2947,16042000.0,55277000.0,11150000.0,49908000.0,64122000.0,-8845000.0,18000.0,-8954000.0,-15037000.0,0.0,0.0,6083000.0,0.0,6083000.0,0.13,0.12,55906000.0,55906000.0,0.0,0.7751,-0.09,-0.1253,0.085,-0.1118,-6438000.0,-8936000.0,6083000.0,1.622,1.069,-0.081,0.0,0.6144,0.0,0.0,-684.0,4.977,0.8086,0.0,0.5451,0.7374,0.216,45412000.0,59747000.0,16162000.0,13983000.0,10616000.0,9080000.0,8176500.0,0.1646,0.089,0.065,-0.0646,-0.125,4.0,0.763,-1.0995,58.1132,58.5994,53.1745,6.7181,7.8545,8.7224,0.0,-38.0,0.6998,0.1563,13440250.0,68496000.0,93439250.0,-0.143,1.276,-496.4444,0.1264,0.1923,ELGX,6.78,6.140833333333331,379042680.0
2010-12-31,0.4569,-4.0892,18.3432,25.0,24.0,0.1919,-2.3154,1.6198,1.0758,-1.0,0.5251,0.5072,0.0,-2.5005,48.2632,0.6951,-3.6123,0.0546,19243000.0,0.4085,4235000.0,15008000.0,2694000.0,15188000.0,18315000.0,-3307000.0,5000.0,-3313000.0,-15037000.0,0.0,0.0,11724000.0,0.0,11724000.0,0.24,0.23,50438000.0,57006000.0,0.0,0.7799,-0.14,-0.1719,0.609,-0.1422,-2692000.0,-3308000.0,11724000.0,67251000.0,0.2824,15030000.0,52221000.0,8997000.0,45279000.0,56445000.0,-4224000.0,16000.0,-4384000.0,-15037000.0,0.0,0.0,10653000.0,0.0,10653000.0,0.22,0.21,48902000.0,50544000.0,0.0,0.7765,-0.029,-0.065,0.158,-0.074,-1924000.0,-4368000.0,10653000.0,1.862,1.238,-0.054,0.0,0.7572,0.0,0.0,-661.6,5.321,-0.2209,0.0,0.5353,0.7893,0.14,48585000.0,62439000.0,19356000.0,13005000.0,10536000.0,5411000.0,6945000.0,0.0568,0.188,0.145,-0.0311,-0.065,5.0,0.916,-0.3861,19.6636,69.0749,45.319,6.383,12.4286,9.6834,0.0,-75.0,0.6733,0.1338,12862000.0,56670500.0,73445000.0,-0.102,1.375,-273.0,0.2088,0.2093,ELGX,7.15,6.364,360631700.0
2010-09-30,0.3888,-4.0217,-1.9872,0.0,0.0,0.0567,-0.7926,0.1066,0.0044,-0.4309,0.5346,0.1868,0.0,-0.8692,0.5983,0.3097,-3.3115,0.0567,17874000.0,0.2974,3822000.0,14052000.0,2650000.0,11240000.0,14578000.0,-526000.0,4000.0,-466000.0,0.0,0.0,0.0,-466000.0,0.0,-466000.0,-0.01,-0.01,48842000.0,48842000.0,0.0,0.7862,0.008,-0.0258,-0.026,0.0194,148000.0,-462000.0,-466000.0,61670000.0,0.2469,14156000.0,47514000.0,6246000.0,39051000.0,49148000.0,-1634000.0,16000.0,-1726000.0,21000.0,0.0,0.0,-1747000.0,0.0,-1747000.0,-0.03,-0.03,48842000.0,48842000.0,0.0,0.7705,0.014,-0.0277,-0.028,-0.0067,883000.0,-1710000.0,-1747000.0,0.917,0.935,0.007,0.0021,0.4683,0.0023,0.0019,-115.5,4.574,-1.2232,0.0,0.1749,0.6288,0.1483,33902000.0,45666000.0,32847000.0,13412000.0,10572000.0,8005500.0,6712500.0,-0.3912,-0.04,-0.033,-0.0443,-0.028,5.0,1.171,-0.2553,55.6585,75.7699,43.1229,5.8333,7.7035,9.1873,0.0,-118.0,0.6332,0.1013,11954750.0,43914750.0,52674250.0,-0.008,1.263,-106.875,-0.0485,-1.926,ELGX,4.56,4.258333333333333,222719519.99999997
2010-06-30,0.2149,-0.0385,0.1059,0.0,0.0,0.1147,-1.8607,0.3797,0.5281,-0.9752,0.3753,-0.1279,0.0,-2.6346,0.204,0.1135,0.5168,0.1147,15654000.0,0.1888,3612000.0,12042000.0,1800000.0,9803000.0,12229000.0,-187000.0,2000.0,-380000.0,0.0,0.0,0.0,-380000.0,0.0,-380000.0,-0.01,-0.01,48325000.0,48325000.0,0.0,0.7693,0.015,-0.0241,-0.024,-0.0683,230000.0,-378000.0,-380000.0,57573000.0,0.2776,13993000.0,43580000.0,5254000.0,36393000.0,44810000.0,-1230000.0,76000.0,-1416000.0,21000.0,0.0,0.0,-1437000.0,0.0,-1437000.0,-0.02,-0.02,48325000.0,48325000.0,0.0,0.757,0.025,-0.0233,-0.025,0.0329,1452000.0,-1340000.0,-1437000.0,0.923,0.883,-0.022,0.0025,0.4641,0.0028,0.0023,-189.0,5.753,2.0816,0.0,0.1903,0.6262,0.115,33318000.0,42676000.0,32236000.0,13361000.0,9702000.0,6476000.0,6778000.0,0.3515,-0.033,-0.028,-0.0329,-0.023,6.0,1.121,-1.826,43.9283,71.2274,40.0357,5.9341,8.8902,8.4941,0.0,-148.0,0.6321,0.0913,11313250.0,43262500.0,51341000.0,0.039,1.191,-17.6316,-0.0405,-0.279,ELGX,4.53,4.655555555555555,218912250.0
2010-03-31,0.2453,0.8027,0.8088,1.0,1.0,0.1073,-1.0376,0.3827,0.5436,-0.9714,0.3369,-0.1934,0.0,-1.0725,0.3675,0.0412,0.8172,0.1073,14480000.0,0.2236,3361000.0,11119000.0,1853000.0,9048000.0,11323000.0,-204000.0,5000.0,-225000.0,0.0,0.0,0.0,-225000.0,0.0,-225000.0,0.0,0.0,47994000.0,47994000.0,0.0,0.7679,0.027,-0.0152,-0.016,-0.1046,390000.0,-220000.0,-225000.0,55087000.0,0.3381,13637000.0,41450000.0,4949000.0,35394000.0,42880000.0,-1430000.0,135000.0,-1461000.0,21000.0,0.0,0.0,-1482000.0,0.0,-1482000.0,-0.02,-0.02,47994000.0,47994000.0,0.0,0.7524,0.025,-0.0241,-0.027,0.0656,1392000.0,-1326000.0,-1482000.0,0.903,0.854,-0.032,0.003,0.47,0.0033,0.0028,-44.0,5.624,5.7867,0.0,0.2022,0.6249,0.128,31839000.0,40967000.0,30731000.0,11670000.0,8549500.0,6278500.0,6678000.0,0.1636,-0.038,-0.031,-0.0406,-0.024,7.0,1.155,-2.9244,45.0891,64.8144,39.5101,6.4433,8.7739,8.249,0.0,-130.0,0.6425,0.0898,12040250.0,38658750.0,47714750.0,0.075,1.148,-9.8222,-0.0437,-0.1659,ELGX,4.04,3.8619444444444446,193895760.0
2009-12-31,0.3132,0.5695,0.5711,0.75,0.75,0.109,2.7612,0.3765,0.4975,-0.9676,0.3092,-0.2196,0.0,2.5251,-1.0415,0.1253,0.5194,0.109,13662000.0,0.2793,3361000.0,10301000.0,-57000.0,8960000.0,11018000.0,-717000.0,5000.0,-655000.0,21000.0,0.0,0.0,-676000.0,0.0,-676000.0,-0.01,-0.01,47828000.0,47828000.0,0.0,0.754,0.008,-0.0476,-0.049,0.1335,115000.0,-650000.0,-676000.0,52441000.0,0.3923,13181000.0,39260000.0,4454000.0,35033000.0,41602000.0,-2342000.0,192000.0,-2413000.0,21000.0,0.0,0.0,-2434000.0,0.0,-2434000.0,-0.05,-0.05,45194000.0,45194000.0,0.0,0.7487,0.01,-0.0424,-0.046,0.0839,544000.0,-2221000.0,-2434000.0,0.897,0.848,0.038,0.0034,0.5032,0.0038,0.0032,-130.0,5.268,-2.9127,0.0,0.2093,0.6558,-0.0042,31061000.0,40557000.0,29927000.0,9376000.0,7359500.0,6300000.0,6319500.0,-0.0736,-0.071,-0.055,-0.0731,-0.042,7.0,1.187,-2.053,50.1065,58.0829,38.5595,7.1256,8.324,8.2983,0.0,-106.0,0.668,0.0849,13185250.0,34158500.0,44161500.0,0.097,1.16,-11.5677,-0.0734,-0.1197,ELGX,5.28,4.639714285714287,252531840.0
2009-09-30,0.4615,0.9689,0.9473,1.0,1.0,0.0718,2.5191,0.3166,0.4797,-0.9638,0.5645,-0.1586,0.0,2.3769,0.1742,0.013,0.9588,0.0718,13777000.0,0.4683,3659000.0,10118000.0,1658000.0,8582000.0,10240000.0,-122000.0,64000.0,-156000.0,0.0,0.0,0.0,-156000.0,0.0,-156000.0,0.0,0.0,46220000.0,46220000.0,0.0,0.7344,0.052,-0.0067,-0.011,0.1925,717000.0,-92000.0,-156000.0,49458000.0,0.414,12655000.0,36803000.0,5882000.0,34038000.0,39920000.0,-3117000.0,253000.0,-3334000.0,0.0,0.0,0.0,-3334000.0,0.0,-3334000.0,-0.08,-0.08,46220000.0,46220000.0,0.0,0.7441,-0.009,-0.0623,-0.067,0.0279,-433000.0,-3081000.0,-3334000.0,0.913,0.842,0.057,0.0039,0.4669,0.0043,0.0036,-1.4375,5.463,-17.6154,0.0,0.2217,0.6229,0.1203,29836000.0,38928000.0,28704000.0,10846000.0,6837000.0,5968000.0,6717500.0,-0.0349,-0.112,-0.082,-0.0892,-0.062,7.0,1.217,-0.5729,48.7597,61.564,45.3058,7.2339,8.2872,7.3626,0.0,-88.0,0.6882,0.1189,14806750.0,29892750.0,40654250.0,0.03,1.07,-12.1779,-0.1038,-0.278,ELGX,6.19,5.078055555555554,286101800.0
2009-06-30,0.4752,0.9032,0.887,0.8889,0.8889,0.0087,1.5089,0.0915,-0.1025,0.0,0.641,0.0086,0.0,1.3273,-0.1685,0.007,0.8987,0.0087,13168000.0,0.42,3256000.0,9912000.0,1495000.0,8804000.0,10299000.0,-387000.0,61000.0,-425000.0,0.0,0.0,0.0,-425000.0,0.0,-425000.0,-0.01,-0.01,43351000.0,43351000.0,0.0,0.7527,0.013,-0.0276,-0.032,0.0497,170000.0,-364000.0,-425000.0,45064000.0,0.3761,11456000.0,33608000.0,5636000.0,33928000.0,39564000.0,-5956000.0,193000.0,-6140000.0,0.0,0.0,0.0,-6140000.0,0.0,-6140000.0,-0.15,-0.15,43351000.0,43351000.0,0.0,0.7458,-0.077,-0.132,-0.136,-0.071,-3474000.0,-5947000.0,-6140000.0,0.604,0.617,0.015,0.1142,0.1925,0.1889,0.1296,-5.9672,3.386,-2.1624,0.0,0.2994,0.6686,0.1135,16940000.0,26766000.0,12038000.0,16269000.0,6573500.0,5514500.0,7210000.0,-0.2884,-0.236,-0.163,-0.1562,-0.132,4.0,1.197,0.4311,48.7838,66.1656,58.6491,6.8554,8.1719,6.2502,0.0,-24.0,0.7529,0.1251,16056000.0,25992500.0,37647250.0,-0.074,1.04,-30.8135,-0.3137,0.2085,ELGX,3.35,2.6391666666666667,145225850.0
2009-03-31,0.54,0.698,0.6812,0.6667,0.6667,0.0091,0.5635,-0.0065,-0.2052,0.0,0.5241,-0.0038,0.0,0.5203,-0.0955,0.0766,0.7041,0.0091,11834000.0,0.4208,2905000.0,8929000.0,1355000.0,8690000.0,10045000.0,-1116000.0,62000.0,-1177000.0,0.0,0.0,0.0,-1177000.0,0.0,-1177000.0,-0.03,-0.03,43345000.0,43345000.0,0.0,0.7545,-0.039,-0.0942,-0.099,-0.0618,-458000.0,-1115000.0,-1177000.0,41169000.0,0.3819,10754000.0,30415000.0,5939000.0,33867000.0,39806000.0,-9391000.0,132000.0,-9477000.0,0.0,0.0,0.0,-9477000.0,0.0,-9477000.0,-0.23,-0.23,43345000.0,43345000.0,0.0,0.7388,-0.166,-0.227,-0.23,-0.1421,-6828000.0,-9345000.0,-9477000.0,0.585,0.585,-0.017,0.1154,0.1695,0.1972,0.1346,-17.9839,3.33,0.5429,0.0,0.3174,0.7343,0.1145,15730000.0,25349000.0,10701000.0,16250000.0,6059000.0,5214500.0,7407000.0,0.144,-0.355,-0.257,-0.2442,-0.227,4.0,1.117,0.5668,50.9966,64.8717,65.5456,6.7947,7.8951,5.5581,0.0,-10.0,0.8226,0.1443,14751250.0,26671500.0,36846500.0,-0.135,0.95,-70.7955,-0.5123,0.0892,ELGX,2.12,1.705833333333333,91891400.0
2008-12-31,0.5371,0.572,0.5533,0.5,0.5,0.0057,-0.3684,-0.0694,-0.2596,0.0,0.3388,-0.1186,0.0,-0.3143,-0.1993,0.1143,0.603,0.0057,10679000.0,0.336,2835000.0,7844000.0,1374000.0,7962000.0,9336000.0,-1492000.0,66000.0,-1576000.0,0.0,0.0,0.0,-1576000.0,0.0,-1576000.0,-0.04,-0.04,43126000.0,43126000.0,0.0,0.7345,-0.081,-0.1414,-0.148,-0.112,-862000.0,-1510000.0,-1576000.0,37664000.0,0.3562,10380000.0,27284000.0,6082000.0,33249000.0,39331000.0,-12047000.0,106000.0,-11992000.0,0.0,0.0,0.0,-11992000.0,0.0,-11992000.0,-0.28,-0.28,43045000.0,43045000.0,0.0,0.7244,-0.25,-0.3156,-0.318,-0.1764,-9403000.0,-11886000.0,-11992000.0,0.599,0.583,-0.028,0.1159,0.1881,0.1937,0.1342,-22.8788,3.581,0.7094,,0.3258,0.7456,0.1287,15876000.0,25124000.0,10581000.0,15862000.0,5567500.0,4830000.0,7576500.0,0.0698,-0.425,-0.325,-0.317,-0.316,4.0,1.021,0.5168,52.3408,61.7701,68.7961,6.765,7.7979,4.9712,0.0,-4.0,0.8828,0.1615,13613500.0,28234750.0,36907000.0,-0.154,0.875,-112.1321,-0.6355,0.0721,ELGX,1.2,1.256857142857143,51751200.0
2008-09-30,0.4667,0.1285,0.1273,0.125,0.125,0.0059,0.441,-0.1077,-0.2932,0.0,0.1415,-0.2084,0.0,0.4176,-0.1208,0.319,0.2327,0.0059,9383000.0,0.3119,2460000.0,6923000.0,1412000.0,8472000.0,9884000.0,-2961000.0,4000.0,-2962000.0,0.0,0.0,0.0,-2962000.0,0.0,-2962000.0,-0.07,-0.07,43124000.0,43124000.0,0.0,0.7378,-0.248,-0.3153,-0.316,-0.2053,-2324000.0,-2958000.0,-2962000.0,34978000.0,0.4323,10435000.0,24543000.0,6424000.0,32432000.0,38856000.0,-14313000.0,4000.0,-13944000.0,0.0,0.0,0.0,-13944000.0,0.0,-13944000.0,-0.33,-0.33,43124000.0,43124000.0,0.0,0.7017,-0.326,-0.3985,-0.399,-0.1818,-11407000.0,-13940000.0,-13944000.0,0.617,0.591,-0.045,0.1159,0.209,0.188,0.1316,-739.5,3.921,0.6107,,0.3288,0.9029,0.1505,16470000.0,25495000.0,10719000.0,15843000.0,5001500.0,4667500.0,8256500.0,0.0647,-0.458,-0.371,-0.3783,-0.399,3.0,0.93,0.4228,55.6088,55.6401,76.1347,6.9935,7.4939,4.2364,0.0,-6.0,0.9272,0.1837,12901000.0,30449250.0,37602000.0,-0.147,0.811,-3485.0,-0.706,0.0784,ELGX,2.08,2.545833333333333,89697920.0
