,gross_profit_growth_q,ebit_growth_q,net_income_growth_q,eps_growth_q,eps_diluted_growth_q,operating_cash_flow_growth_q,asset_growth_q,book_value_per_share_growth_q,debt_growth_q,trade_and_non-trade_receivables_growth_q,inventory_growth_q,dividends_per_basic_common_share_growth_q,free_cash_flow_growth_q,research_and_development_(r&d)_expenses_growth_q,"selling,_general_and_administrative_(sg&a)_expenses_growth_q",operating_income_growth_q,weighted_average_shares_growth_q,revenue_q,revenue_growth_q,cost_of_revenue_q,gross_profit_q,research_and_development_(r&d)_expenses_q,"selling,_general_and_administrative_(sg&a)_expenses_q",operating_expenses_q,operating_income_q,interest_expense_q,earnings_before_tax_q,income_tax_expense_q,net_income_to_non-controlling_interests_q,net_income_from_discontinued_operations_q,net_income_q,preferred_dividends_income_statement_impact_q,net_income_common_q,eps_q,eps_diluted_q,weighted_average_shares_q,dividends_per_common_share_q,gross_margin_q,ebitda_margin_q,ebit_margin_q,profit_margin_q,free_cash_flow_margin_q,ebitda_q,ebit_q,consolidated_income_q,revenue_t,revenue_growth_t,cost_of_revenue_t,gross_profit_t,research_and_development_(r&d)_expenses_t,"selling,_general_and_administrative_(sg&a)_expenses_t",operating_expenses_t,operating_income_t,interest_expense_t,earnings_before_tax_t,income_tax_expense_t,net_income_to_non-controlling_interests_t,net_income_from_discontinued_operations_t,net_income_t,preferred_dividends_income_statement_impact_t,net_income_common_t,eps_t,eps_diluted_t,weighted_average_shares_t,dividends_per_common_share_t,gross_margin_t,ebitda_margin_t,ebit_margin_t,profit_margin_t,free_cash_flow_margin_t,ebitda_t,ebit_t,consolidated_income_t,book_value_per_share_q,tangible_book_value_per_share_q,fcf_per_share_q,interest_debt_per_share_q,cash_per_share_q,debt_to_equity_ratio_q,total_debt_to_total_assets_q,interest_coverage_q,current_ratio_q,income_quality_q,payout_ratio_q,intangible_assets_out_of_total_assets_q,"selling,_general_and_administrative_expense_of_revenue_q",research_and_development_expense_of_revenue_q,working_capital_q,tangible_asset_value_q,net_current_asset_value_q,invested_capital_q,average_receivables_q,average_payables_q,average_inventory_q,capex/operating_cf_q,share_based_compensation_of_revenue_q,net_debt/ebitda_q,capex/revenue_q,capex/deprecation_q,roe_t,roa_t,roic_t,return_on_sales_t,piotroski_f-score_t,asset_turnover_t,income_quality_t,average_days_of_payables_t,average_days_of_receivables_t,days_of_inventory_on_hand_t,account_receivables_turnover_t,account_payables_turnover_t,inventory_turnover_t,payout_ratio_t,ev/ebit_t,"selling,_general_and_administrative_expense_of_revenue_t",research_and_development_expense_of_revenue_t,invested_capital_average_t,average_equity_t,average_assets_t,fcf_per_share_t,sales_per_share_t,interest_coverage_t,return_on_tangible_assets_t,capex/operating_cf_t,share_based_compensation_of_revenue_t,capex/revenue_t,capex/deprecation_t,ticker,price,sma_50,market_cap
2018-06-30,0.0734,0.1246,0.2652,0.2722,0.2753,0.1829,0.1075,0.1973,0.0537,0.1506,0.0991,0.0,0.1613,0.0,0.1048,0.1195,0.0,2866300000.0,0.1337,2031200000.0,835100000.0,0.0,395200000.0,465900000.0,369200000.0,63100000.0,312400000.0,78600000.0,300000.0,0.0,233800000.0,0.0,233800000.0,2.29,2.27,102300000.0,0.0,0.2914,0.179,0.131,0.082,0.0977,514000000.0,375500000.0,234100000.0,11166100000.0,0.1411,7753400000.0,3412700000.0,0.0,1749900000.0,2042600000.0,1370100000.0,254300000.0,1119500000.0,-174900000.0,4800000.0,0.0,1294400000.0,0.0,1294400000.0,12.67,12.49,102300000.0,0.0,0.3056,0.173,0.123,0.116,0.099,1933200000.0,1373800000.0,1299200000.0,68.795,49.186,2.738,63.1202,2.1642,0.9175,0.3912,5.9509,1.424,1.571,0.0,0.6951,0.1379,0.0,899700000.0,5031700000.0,-6425600000.0,9146000000.0,1749100000.0,489900000.0,220300000.0,-0.2374,0.0091,12.1319,-0.0304,-0.6296,0.192,0.078,0.0588,0.123,6.0,0.67,1.1101,15.9551,61.1793,7.5412,6.3839,22.7926,50.6859,0.0,18.0,0.1567,0.0,9491250000.0,6737925000.0,16675250000.0,10.809,109.151,5.4023,0.4958,-0.2304,0.0098,-0.0297,-0.5919,LH,179.529999,182.34600051428575,18365918897.7
2018-03-31,0.0933,-0.0369,-0.0536,-0.0503,-0.0457,-0.3152,0.1666,0.2408,0.1446,0.2434,0.1321,0.0,-0.4652,0.0,0.1578,-0.0399,-0.0039,2848300000.0,0.1801,2069300000.0,779000000.0,0.0,397000000.0,473600000.0,305400000.0,63500000.0,242200000.0,69000000.0,-700000.0,0.0,173200000.0,0.0,173200000.0,1.7,1.67,101900000.0,0.0,0.2735,0.157,0.1073,0.061,0.0289,448500000.0,305700000.0,172500000.0,10828000000.0,0.1177,7472400000.0,3355600000.0,0.0,1712400000.0,2024900000.0,1330700000.0,246200000.0,1086000000.0,-159400000.0,4800000.0,0.0,1245400000.0,0.0,1245400000.0,12.18,12.0,101900000.0,0.0,0.3099,0.174,0.123,0.115,0.0985,1880100000.0,1332200000.0,1250200000.0,68.538,48.27,0.807,66.5064,3.5505,0.9704,0.4026,4.8142,1.377,0.8932,0.0,0.7078,0.1394,0.0,792600000.0,4918700000.0,-6930900000.0,9229900000.0,1769600000.0,502000000.0,213000000.0,-0.4686,0.0091,14.3037,-0.0255,-0.5077,0.193,0.077,0.0563,0.123,6.0,0.665,1.1082,17.4983,66.1234,7.625,6.1189,21.5697,50.8357,0.0,17.0,0.1581,0.0,9370350000.0,6448025000.0,16274750000.0,10.47,106.261,5.411,0.4898,-0.2269,0.01,-0.0289,-0.5716,LH,161.75,171.1114708235294,16482325000.0
2017-12-31,0.1622,0.0762,2.833,2.882,2.8475,0.2564,0.1703,0.2504,0.156,0.2165,0.1072,0.0,0.2491,0.0,0.2128,0.0952,-0.0117,2796300000.0,0.1515,1880500000.0,915800000.0,0.0,492400000.0,561600000.0,354200000.0,67800000.0,286600000.0,-420200000.0,2400000.0,0.0,706800000.0,0.0,706800000.0,6.91,6.81,101800000.0,0.0,0.3275,0.179,0.1267,0.253,0.1673,499400000.0,354400000.0,709200000.0,10441400000.0,0.0829,6977400000.0,3464000000.0,0.0,1812400000.0,2099800000.0,1364200000.0,235100000.0,1129100000.0,-139100000.0,5800000.0,0.0,1268200000.0,0.0,1268200000.0,12.39,12.21,101800000.0,0.0,0.3318,0.182,0.1307,0.121,0.1098,1897400000.0,1364200000.0,1274000000.0,66.838,50.157,4.596,66.4253,3.11,0.9938,0.4056,5.2271,1.251,0.798,0.0,0.6938,0.1761,0.0,548100000.0,5106000000.0,-7114300000.0,9365800000.0,1683100000.0,541150000.0,216200000.0,-0.1704,0.0085,12.9065,-0.0344,-0.6628,0.207,0.081,0.0585,0.131,7.0,0.666,1.1508,20.0618,64.5831,7.9422,6.2037,19.2948,48.2951,0.0,17.0,0.1736,0.0,9127625000.0,6114700000.0,15673825000.0,11.262,102.568,5.8026,0.5625,-0.2144,0.0105,-0.03,-0.5868,LH,159.509995,155.98363612121213,16238117491.0
2017-09-30,0.1197,0.0526,0.0061,0.0172,0.0175,0.4042,0.1525,0.1145,0.1697,0.167,0.0926,0.0,0.5003,0.0,0.1618,0.0534,-0.0049,2655200000.0,0.0996,1772400000.0,882800000.0,0.0,465300000.0,541500000.0,341300000.0,59900000.0,278300000.0,97700000.0,2800000.0,0.0,180600000.0,0.0,180600000.0,1.77,1.74,101800000.0,0.0,0.3325,0.178,0.1274,0.068,0.1038,471300000.0,338200000.0,183400000.0,10025500000.0,0.0538,6864200000.0,3161300000.0,0.0,1571900000.0,1848700000.0,1312600000.0,220200000.0,1098600000.0,365800000.0,3600000.0,0.0,732800000.0,0.0,732800000.0,7.14,7.04,101800000.0,0.0,0.3153,0.183,0.1315,0.073,0.1042,1837300000.0,1318800000.0,736400000.0,60.176,48.639,2.707,70.9077,4.0206,1.1783,0.4325,5.6461,1.887,1.943,0.0,0.7034,0.1752,0.0,1363400000.0,4951400000.0,-7638400000.0,10223300000.0,1693400000.0,525100000.0,208000000.0,-0.2146,0.0125,14.4475,-0.0284,-0.5657,0.127,0.049,0.0557,0.132,6.0,0.665,1.8234,21.6768,66.403,7.9076,5.9203,19.0926,48.1995,0.0,16.0,0.1568,0.0,8788775000.0,5790125000.0,15067325000.0,10.266,98.482,5.9891,0.2364,-0.2179,0.0113,-0.029,-0.5614,LH,150.970001,154.67657248571427,15368746101.8
2017-06-30,-0.059,-0.0855,-0.0946,-0.1,-0.0918,-0.1116,0.0495,0.1074,0.012,0.0718,0.1071,0.0,-0.1462,0.0,-0.1263,-0.0977,-0.001,2528200000.0,0.0401,1750200000.0,778000000.0,0.0,357700000.0,448200000.0,329800000.0,55000000.0,278900000.0,94100000.0,300000.0,0.0,184800000.0,0.0,184800000.0,1.8,1.78,102300000.0,0.0,0.3077,0.182,0.1321,0.073,0.0954,460900000.0,333900000.0,185100000.0,9785000000.0,0.0391,6718100000.0,3066900000.0,0.0,1507100000.0,1771600000.0,1295300000.0,218500000.0,1083400000.0,351700000.0,1100000.0,0.0,731700000.0,0.0,731700000.0,7.11,7.01,102300000.0,0.0,0.3134,0.185,0.1331,0.075,0.0974,1808400000.0,1301900000.0,732800000.0,57.459,45.356,2.358,59.9013,2.9316,1.0425,0.4112,6.0709,1.393,1.6802,0.0,0.6886,0.1415,0.0,710200000.0,4639900000.0,-6492800000.0,8662400000.0,1572150000.0,467600000.0,199750000.0,-0.2232,0.0099,12.6448,-0.0274,-0.5457,0.13,0.05,0.0609,0.133,7.0,0.674,1.6881,18.3414,60.6754,7.8297,6.224,20.926,48.9862,0.0,16.0,0.154,0.0,8315050000.0,5639500000.0,14515125000.0,9.318,95.65,5.9584,0.3013,-0.2283,0.0107,-0.0288,-0.5568,LH,154.139999,142.75166697222224,15768521897.699999
2017-03-31,-0.0834,0.0312,0.1152,0.1118,0.1076,0.7704,0.0012,0.0873,-0.0741,0.0515,0.0616,0.0,1.7349,0.0,-0.1723,0.0621,0.0059,2413700000.0,0.0193,1701200000.0,712500000.0,0.0,342900000.0,394400000.0,318100000.0,52400000.0,265000000.0,82000000.0,300000.0,0.0,183000000.0,0.0,183000000.0,1.79,1.75,102300000.0,0.0,0.2952,0.185,0.1315,0.076,0.0637,445500000.0,317400000.0,183300000.0,9687500000.0,0.0467,6571800000.0,3115700000.0,0.0,1558800000.0,1784700000.0,1331000000.0,217000000.0,1116100000.0,365100000.0,1100000.0,0.0,751000000.0,0.0,751000000.0,7.31,7.19,102300000.0,0.0,0.3216,0.19,0.1376,0.078,0.1027,1838000000.0,1333100000.0,752100000.0,55.237,43.564,1.502,57.8798,3.5728,1.0479,0.4104,6.0573,1.418,1.2344,0.0,0.6911,0.1421,0.0,732800000.0,4456600000.0,-6275800000.0,8259000000.0,1538950000.0,475450000.0,194000000.0,-0.3196,0.0115,12.4705,-0.0299,-0.5636,0.137,0.052,0.0649,0.138,6.0,0.676,1.6967,18.2698,59.4399,7.5279,6.2949,20.3754,49.9356,0.0,15.0,0.1609,0.0,8341100000.0,5498225000.0,14339250000.0,9.721,94.697,6.1433,0.3062,-0.2195,0.0109,-0.0289,-0.554,LH,143.470001,141.38388861111116,14676981102.3
2016-12-31,0.064,0.3965,0.6764,0.6481,0.6698,0.1672,0.0101,0.0939,-0.0809,0.1049,0.0743,0.0,0.2508,0.0,-0.0005,0.3674,0.0178,2428400000.0,0.0556,1640400000.0,788000000.0,0.0,406000000.0,464600000.0,323400000.0,52900000.0,276400000.0,92000000.0,200000.0,0.0,184400000.0,0.0,184400000.0,1.78,1.77,103000000.0,0.0,0.3245,0.189,0.1356,0.076,0.1543,459600000.0,329300000.0,184600000.0,9641800000.0,0.1108,6461300000.0,3180500000.0,0.0,1630200000.0,1868100000.0,1312400000.0,219100000.0,1104400000.0,372300000.0,1100000.0,0.0,732100000.0,0.0,732100000.0,7.14,7.02,103000000.0,0.0,0.3299,0.189,0.1373,0.076,0.093,1822700000.0,1323500000.0,733200000.0,53.454,42.933,3.637,56.7913,4.2097,1.0624,0.4106,6.225,1.356,2.4344,0.0,0.6896,0.1672,0.0,651100000.0,4422100000.0,-6247300000.0,8010400000.0,1446600000.0,502900000.0,198100000.0,-0.1655,0.0114,11.7839,-0.0306,-0.5702,0.136,0.051,0.0655,0.137,6.0,0.673,1.6062,19.246,57.4919,7.7681,6.6651,19.1724,48.6714,0.0,14.0,0.1691,0.0,8477225000.0,5377175000.0,14334850000.0,8.709,93.61,6.0406,0.3089,-0.2372,0.0114,-0.0289,-0.5587,LH,128.380005,126.98705879411764,13223140515.000002
2016-09-30,0.0307,0.0462,0.1603,0.1373,0.14,-0.1323,0.0042,0.1054,-0.0763,0.1188,0.0947,0.0,-0.1658,0.0,0.0386,0.0516,0.0169,2414700000.0,0.042,1626300000.0,788400000.0,0.0,400500000.0,464400000.0,324000000.0,58200000.0,263100000.0,83600000.0,300000.0,0.0,179500000.0,0.0,179500000.0,1.74,1.71,102300000.0,0.0,0.3265,0.183,0.1331,0.074,0.0761,442400000.0,321300000.0,179800000.0,9513900000.0,0.2055,6380800000.0,3133100000.0,0.0,1630400000.0,1907600000.0,1225500000.0,223000000.0,1007000000.0,349300000.0,1100000.0,0.0,657700000.0,0.0,657700000.0,6.43,6.31,102300000.0,0.0,0.3293,0.18,0.1293,0.069,0.0864,1717200000.0,1230000000.0,658800000.0,53.992,45.326,1.796,60.3265,5.5484,1.1173,0.4261,5.5206,1.388,1.3922,0.0,0.6798,0.1659,0.0,742700000.0,4636800000.0,-6289100000.0,8328400000.0,1479950000.0,449900000.0,190200000.0,-0.2649,0.0101,12.6668,-0.0274,-0.5467,0.126,0.046,0.0604,0.129,6.0,0.665,1.6901,17.4484,59.9605,7.6269,6.4285,21.1467,50.0205,0.0,16.0,0.1714,0.0,8606225000.0,5237000000.0,14299275000.0,8.034,93.0,5.5157,0.2659,-0.2606,0.0112,-0.0305,-0.5946,LH,137.479996,137.1583340277778,14064203590.8
2016-06-30,0.07,0.1272,0.202,0.1834,0.1807,-0.119,-0.0184,0.0922,-0.1079,0.1119,0.0418,0.0,-0.1377,0.0,0.0484,0.1305,0.0199,2430700000.0,0.0712,1603900000.0,826800000.0,0.0,409400000.0,461300000.0,365500000.0,53500000.0,311600000.0,107500000.0,300000.0,0.0,204100000.0,0.0,204100000.0,2.0,1.96,102400000.0,0.0,0.3401,0.202,0.1502,0.084,0.1162,490500000.0,365100000.0,204400000.0,9416500000.0,0.3213,6306900000.0,3109600000.0,0.0,1615500000.0,1900000000.0,1209600000.0,220700000.0,995100000.0,362200000.0,1100000.0,0.0,632900000.0,0.0,632900000.0,6.22,6.1,102400000.0,0.0,0.3302,0.181,0.1291,0.067,0.0912,1701500000.0,1215800000.0,634000000.0,51.885,45.145,2.759,59.1309,6.2461,1.1397,0.4264,6.8243,2.079,1.7124,0.0,0.6744,0.1684,0.0,1372500000.0,4622800000.0,-6226000000.0,8766600000.0,1441300000.0,441150000.0,185800000.0,-0.1917,0.0106,11.0406,-0.0276,-0.5343,0.124,0.044,0.0612,0.129,6.0,0.659,1.8166,17.1908,58.8287,7.3492,6.5333,21.3453,50.6808,0.0,16.0,0.1716,0.0,8753250000.0,5084525000.0,14284100000.0,8.383,91.958,5.5088,0.2032,-0.2534,0.0112,-0.0309,-0.5998,LH,130.270004,128.04138841666665,13339648409.6
2016-03-31,0.2435,1.2549,51.9355,39.25,38.5,2.4684,0.0184,0.1279,-0.0794,0.1103,0.0091,0.0,1.4656,0.0,-0.0633,1.2621,0.014,2368000000.0,0.3205,1590700000.0,777300000.0,0.0,414300000.0,477800000.0,299500000.0,54500000.0,253300000.0,89200000.0,300000.0,0.0,164100000.0,0.0,164100000.0,1.61,1.58,101700000.0,0.0,0.3283,0.182,0.13,0.069,0.0237,430200000.0,307800000.0,164400000.0,9254900000.0,0.452,6199400000.0,3055500000.0,0.0,1596600000.0,1888100000.0,1167400000.0,225100000.0,949500000.0,350900000.0,1100000.0,0.0,598600000.0,0.0,598600000.0,5.91,5.8,101700000.0,0.0,0.3301,0.179,0.1269,0.065,0.0976,1652200000.0,1174600000.0,599700000.0,50.801,46.682,0.553,62.88,6.8466,1.2378,0.4438,5.6477,1.671,0.7776,0.0,0.6705,0.175,0.0,1102200000.0,4747600000.0,-6483200000.0,8803500000.0,1425800000.0,443400000.0,187350000.0,-0.5596,0.0134,13.2464,-0.0302,-0.5833,0.121,0.042,0.0585,0.127,5.0,0.645,1.9995,18.3784,59.1697,7.4223,6.491,20.8726,49.399,0.0,15.0,0.1725,0.0,8818850000.0,4948700000.0,14350650000.0,8.884,91.002,5.2181,0.2083,-0.2451,0.0116,-0.0317,-0.6143,LH,117.129997,111.23514228571429,11912120694.9
2015-12-31,0.3552,0.106,-0.0803,-0.2394,-0.2319,0.7997,0.9317,0.4639,1.1005,0.6851,0.3692,0.0,0.7891,0.0,0.2863,0.1109,0.1976,2300500000.0,0.5208,1559900000.0,740600000.0,0.0,406200000.0,504100000.0,236500000.0,56800000.0,179000000.0,69000000.0,200000.0,0.0,110000000.0,0.0,110000000.0,1.08,1.06,101200000.0,0.0,0.3219,0.154,0.1025,0.048,0.1302,354100000.0,235800000.0,110200000.0,8680100000.0,0.4439,5776800000.0,2903300000.0,0.0,1628100000.0,1906500000.0,996800000.0,274900000.0,724900000.0,287300000.0,1100000.0,0.0,437600000.0,0.0,437600000.0,4.43,4.35,101200000.0,0.0,0.3345,0.168,0.1152,0.05,0.0837,1457600000.0,999800000.0,438700000.0,48.865,45.248,2.959,62.8874,7.0791,1.287,0.4512,4.1514,1.541,3.4964,0.0,0.6753,0.1766,0.0,920700000.0,4579100000.0,-6523500000.0,8526400000.0,1095100000.0,389850000.0,165250000.0,-0.2213,0.0106,15.9497,-0.037,-0.7194,0.091,0.031,0.0515,0.115,3.0,0.608,2.245,20.9158,57.798,8.0316,7.9263,22.2652,52.5271,0.0,18.0,0.1876,0.0,8956175000.0,4786475000.0,14285700000.0,7.18,85.772,3.637,0.164,-0.2604,0.0118,-0.0295,-0.5588,LH,123.639999,122.67285694285714,12512367898.800001
2015-09-30,0.3391,0.2555,0.1276,-0.0556,-0.0566,0.6401,0.9943,0.4966,1.2162,0.6599,0.3084,0.0,0.7902,0.0,0.2614,0.2763,0.1849,2317300000.0,0.4933,1552400000.0,764900000.0,0.0,385600000.0,456800000.0,308100000.0,55900000.0,251200000.0,96500000.0,300000.0,0.0,154700000.0,0.0,154700000.0,1.53,1.5,100600000.0,0.0,0.3301,0.184,0.1325,0.067,0.095,426700000.0,307100000.0,155000000.0,7892300000.0,0.3296,5183100000.0,2709200000.0,0.0,1534200000.0,1732500000.0,976700000.0,250200000.0,730500000.0,283300000.0,1200000.0,0.0,447200000.0,0.0,447200000.0,4.68,4.58,100600000.0,0.0,0.3433,0.175,0.1243,0.057,0.0753,1383700000.0,980700000.0,448400000.0,48.842,47.641,2.189,66.4135,7.0875,1.3598,0.4633,5.4937,1.468,1.8617,0.0,0.6677,0.1664,0.0,862700000.0,4792700000.0,-6786200000.0,8916500000.0,1119300000.0,365600000.0,160200000.0,-0.2354,0.0102,13.9869,-0.0293,-0.5669,0.105,0.036,0.0487,0.124,3.0,0.627,1.8146,20.5802,64.6079,8.3986,7.0511,21.5873,49.2653,0.0,17.0,0.1944,0.0,7874600000.0,4255325000.0,12584975000.0,5.91,78.452,3.9197,0.1675,-0.2674,0.0112,-0.0275,-0.5385,LH,108.470001,118.34166622222217,10912082100.6
2015-06-30,0.359,0.2559,0.2017,0.012,0.0122,0.9127,1.0246,0.5166,1.2568,0.6393,0.3532,0.0,1.0565,0.0,0.3108,0.3105,0.184,2269100000.0,0.4964,1496400000.0,772700000.0,0.0,390500000.0,449400000.0,323300000.0,57900000.0,266000000.0,96200000.0,300000.0,0.0,169800000.0,0.0,169800000.0,1.69,1.66,100400000.0,0.0,0.3405,0.194,0.1427,0.075,0.1444,441200000.0,323900000.0,170100000.0,7126800000.0,0.219,4611300000.0,2515500000.0,0.0,1454300000.0,1605500000.0,910000000.0,220200000.0,698000000.0,268300000.0,1200000.0,0.0,429700000.0,0.0,429700000.0,4.77,4.67,100400000.0,0.0,0.353,0.177,0.1288,0.06,0.0698,1260100000.0,918200000.0,430900000.0,47.507,46.651,3.263,67.6026,6.1653,1.423,0.4692,5.5941,1.418,2.3363,0.0,0.6762,0.1721,0.0,762900000.0,4683800000.0,-7093000000.0,9029000000.0,1098750000.0,359700000.0,158250000.0,-0.1742,0.0122,13.9807,-0.0305,-0.5891,0.116,0.04,0.0449,0.129,3.0,0.661,1.6269,22.4732,69.9035,9.3212,6.4863,19.8132,45.0351,0.0,20.0,0.2041,0.0,6736975000.0,3719650000.0,10787350000.0,4.953,70.984,4.1698,0.1656,-0.2887,0.0107,-0.0283,-0.5902,LH,121.220001,119.40861127777777,12170488100.4
2015-03-31,0.2096,-0.3592,-0.9726,-0.9699,-0.9695,-1.6107,1.0237,0.536,1.309,0.6439,0.3835,0.0,-2.4068,0.0,0.5525,-0.3487,0.1758,1793200000.0,0.2534,1168100000.0,625100000.0,0.0,442300000.0,492700000.0,132400000.0,104300000.0,32200000.0,29100000.0,300000.0,0.0,3100000.0,0.0,3100000.0,0.04,0.04,100300000.0,0.0,0.3486,0.133,0.0761,0.002,-0.0673,239100000.0,136500000.0,3400000.0,6374100000.0,0.0993,4062700000.0,2311400000.0,0.0,1361700000.0,1478000000.0,833400000.0,188100000.0,664100000.0,262900000.0,1300000.0,0.0,401200000.0,0.0,401200000.0,4.75,4.65,100300000.0,0.0,0.3626,0.179,0.1337,0.063,0.0516,1139600000.0,852200000.0,402500000.0,45.041,42.523,-1.203,69.2552,4.4506,1.5376,0.4909,1.3087,1.649,-28.0323,0.0,0.6986,0.2467,0.0,916300000.0,4265100000.0,-7288300000.0,9352800000.0,1086650000.0,351350000.0,160650000.0,0.389,0.0147,27.1849,-0.0188,-0.3294,0.126,0.045,0.0413,0.134,3.0,0.712,1.2707,24.0963,77.3795,10.6795,5.8658,18.1417,39.6769,0.0,18.0,0.2136,0.0,5558975000.0,3191325000.0,8957250000.0,3.28,63.55,4.5306,0.1596,-0.3546,0.0095,-0.0284,-0.6291,LH,126.089996,122.64305566666667,12646826598.8
2014-12-31,0.0388,-0.022,-0.053,-0.0274,-0.0417,-0.1407,0.0482,0.171,0.0098,0.0395,0.022,0.0,-0.1148,0.0,0.1054,-0.0098,-0.0332,1512700000.0,0.0527,966200000.0,546500000.0,0.0,315800000.0,333600000.0,212900000.0,32100000.0,181100000.0,61500000.0,300000.0,0.0,119600000.0,0.0,119600000.0,1.42,1.38,84500000.0,0.0,0.3613,0.183,0.1409,0.079,0.1107,276700000.0,213200000.0,119900000.0,6011600000.0,0.035,3808500000.0,2203100000.0,0.0,1204300000.0,1298800000.0,904300000.0,109500000.0,819200000.0,308000000.0,1400000.0,0.0,511200000.0,0.0,511200000.0,6.03,5.91,84500000.0,0.0,0.3665,0.195,0.1545,0.085,0.0891,1174200000.0,928700000.0,512600000.0,33.379,32.267,1.981,35.8556,6.8639,1.0742,0.4149,6.6417,1.734,1.7868,0.0,0.6266,0.2088,0.0,716400000.0,2726600000.0,-2770900000.0,4200100000.0,800200000.0,293400000.0,138000000.0,-0.2167,0.007,8.8536,-0.0306,-0.7291,0.19,0.071,0.093,0.154,5.0,0.839,1.4456,17.1401,49.526,8.4699,7.5126,20.4894,43.5623,0.0,12.0,0.2003,0.0,4296450000.0,2687250000.0,7167700000.0,6.337,71.143,8.4813,0.3401,-0.2754,0.0076,-0.0339,-0.8289,LH,107.900002,103.77285702857141,9117550169.0
2014-09-30,0.0431,-0.0381,-0.0748,-0.0241,-0.0245,-0.2502,0.0815,0.1461,0.1317,0.0349,0.0972,0.0,-0.3245,0.0,0.0957,-0.0131,-0.0577,1551800000.0,0.0613,980600000.0,571200000.0,0.0,305700000.0,329800000.0,241400000.0,25900000.0,218700000.0,81500000.0,300000.0,0.0,137200000.0,0.0,137200000.0,1.62,1.59,84900000.0,0.0,0.3681,0.195,0.1576,0.088,0.0793,303100000.0,244600000.0,137500000.0,5935900000.0,0.0276,3753200000.0,2182700000.0,0.0,1174200000.0,1276300000.0,906400000.0,101600000.0,831900000.0,314000000.0,1500000.0,0.0,517900000.0,0.0,517900000.0,6.08,5.98,84900000.0,0.0,0.3677,0.198,0.1573,0.087,0.0939,1175300000.0,933500000.0,519400000.0,32.636,31.519,1.449,35.5088,6.7809,1.088,0.4169,9.444,2.253,1.2799,0.0,0.63,0.197,0.0,938800000.0,2676000000.0,-2754800000.0,4366000000.0,827400000.0,274100000.0,132650000.0,-0.2995,0.0074,8.0468,-0.0339,-0.8991,0.199,0.073,0.0946,0.157,5.0,0.838,1.4945,17.5985,51.7502,8.5348,7.1742,21.656,44.7486,0.0,12.0,0.1978,0.0,4304375000.0,2604950000.0,7083725000.0,6.563,69.916,9.188,0.3058,-0.2801,0.0073,-0.0365,-0.8966,LH,101.75,105.56555577777777,8638575000.0
2014-06-30,-0.0151,-0.0543,-0.0698,0.0121,0.0123,0.5073,0.0839,0.0926,0.1983,0.0207,0.0641,0.0,0.7939,0.0,0.0605,-0.0839,-0.0872,1516400000.0,0.0328,947800000.0,568600000.0,0.0,297900000.0,321900000.0,246700000.0,25800000.0,232100000.0,90800000.0,400000.0,0.0,141300000.0,0.0,141300000.0,1.67,1.64,84800000.0,0.0,0.375,0.211,0.1701,0.093,0.1051,320700000.0,257900000.0,141700000.0,5846300000.0,0.0196,3687200000.0,2159100000.0,0.0,1147500000.0,1249500000.0,909600000.0,100400000.0,842800000.0,313800000.0,1600000.0,0.0,529000000.0,0.0,529000000.0,6.12,6.02,84800000.0,0.0,0.3693,0.203,0.1613,0.09,0.1054,1184400000.0,943200000.0,530600000.0,31.325,29.833,1.879,35.4658,5.6545,1.1322,0.4209,9.9961,2.114,1.4678,0.0,0.6459,0.1965,0.0,825100000.0,2529800000.0,-2903200000.0,4317000000.0,824150000.0,267000000.0,130450000.0,-0.2319,0.0078,7.8828,-0.0317,-0.7659,0.207,0.076,0.0947,0.161,5.0,0.842,1.5739,17.5186,51.9814,8.3972,7.0937,21.8963,44.8164,0.0,12.0,0.1963,0.0,4188775000.0,2553650000.0,6947450000.0,7.268,68.942,9.3944,0.3377,-0.2598,0.0066,-0.037,-0.8968,LH,102.400002,101.3954289142857,8683520169.6
2014-03-31,-0.0968,-0.1977,-0.2317,-0.1582,-0.1603,-0.282,0.0644,-0.0174,0.2951,0.0355,0.0871,0.0,-0.4518,0.0,0.006,-0.224,-0.0838,1430700000.0,-0.0071,913900000.0,516800000.0,0.0,284900000.0,313500000.0,203300000.0,25700000.0,187300000.0,74200000.0,400000.0,0.0,113100000.0,0.0,113100000.0,1.33,1.31,85300000.0,0.0,0.3612,0.191,0.1489,0.079,0.06,273700000.0,213000000.0,113500000.0,5798100000.0,0.0192,3630300000.0,2167800000.0,0.0,1130500000.0,1235600000.0,932200000.0,97700000.0,860300000.0,320700000.0,1600000.0,0.0,539600000.0,0.0,539600000.0,6.1,6.0,85300000.0,0.0,0.3739,0.206,0.1652,0.093,0.0941,1193300000.0,958000000.0,541200000.0,29.324,27.982,1.006,35.2673,3.973,1.2027,0.4302,8.2879,1.885,1.2582,0.0,0.6586,0.1991,0.0,667300000.0,2386900000.0,-3051600000.0,4302700000.0,807900000.0,264250000.0,129400000.0,-0.397,0.0082,9.753,-0.0395,-0.9308,0.211,0.079,0.0973,0.165,5.0,0.852,1.4136,17.7461,51.7463,8.4859,7.1768,21.9417,44.8076,0.0,11.0,0.195,0.0,4045150000.0,2555400000.0,6809225000.0,6.399,67.973,9.8055,0.3853,-0.2845,0.0065,-0.0374,-0.9222,LH,98.209999,94.5265714,8377312914.7
2013-12-31,-0.0221,-0.0032,0.0507,0.1406,0.1339,-0.0216,0.0252,-0.0077,0.1301,0.0921,0.1281,0.0,-0.0192,0.0,0.0247,-0.0014,-0.0761,1437000000.0,0.0226,910900000.0,526100000.0,0.0,285700000.0,311100000.0,215000000.0,24200000.0,193800000.0,67500000.0,400000.0,0.0,126300000.0,0.0,126300000.0,1.46,1.44,87400000.0,0.0,0.3661,0.193,0.1517,0.088,0.1316,277800000.0,218000000.0,126700000.0,5808300000.0,0.0241,3585100000.0,2223200000.0,0.0,1128800000.0,1232300000.0,990900000.0,96500000.0,914000000.0,340200000.0,1600000.0,0.0,573800000.0,0.0,573800000.0,6.36,6.25,87400000.0,0.0,0.3828,0.214,0.174,0.099,0.1061,1240600000.0,1010500000.0,575400000.0,28.505,27.129,2.164,34.3295,4.6224,1.2044,0.4307,9.0083,1.947,1.9691,0.0,0.6596,0.1988,0.0,696400000.0,2371100000.0,-3023100000.0,4231800000.0,751600000.0,270700000.0,128750000.0,-0.2396,0.0058,9.3463,-0.0415,-0.9967,0.219,0.086,0.1046,0.174,5.0,0.866,1.4268,19.1351,49.3114,8.5778,7.7279,21.4566,45.113,0.0,10.0,0.1943,0.0,3826200000.0,2624650000.0,6703475000.0,7.054,66.457,10.4715,0.4087,-0.247,0.0064,-0.0348,-0.8787,LH,91.370003,97.89457157142859,7985738262.2
2013-09-30,-0.0153,0.0148,0.002,0.0641,0.0654,0.1492,-0.0187,0.0052,0.0014,0.0576,0.0639,0.0,0.1403,0.0,-0.0214,-0.002,-0.0605,1462200000.0,0.0302,914600000.0,547600000.0,0.0,279000000.0,303000000.0,244600000.0,24700000.0,229600000.0,81300000.0,400000.0,0.0,148300000.0,0.0,148300000.0,1.66,1.63,90100000.0,0.0,0.3745,0.214,0.1739,0.101,0.1245,312200000.0,254300000.0,148700000.0,5776600000.0,0.0256,3541500000.0,2235100000.0,0.0,1121900000.0,1243900000.0,991200000.0,99900000.0,911300000.0,343700000.0,1600000.0,0.0,567600000.0,0.0,567600000.0,6.17,6.08,90100000.0,0.0,0.3869,0.215,0.1751,0.098,0.1074,1240900000.0,1011200000.0,569200000.0,28.475,23.245,2.021,29.566,1.9323,1.0383,0.3984,10.2955,1.782,1.5792,0.0,0.6868,0.1908,0.0,532300000.0,2094400000.0,-2888200000.0,3903600000.0,791050000.0,254700000.0,122700000.0,-0.2225,0.0047,7.975,-0.0356,-0.8998,0.212,0.085,0.1046,0.175,5.0,0.867,1.4521,16.5547,51.3828,7.993,7.3024,22.68,47.0791,0.0,11.0,0.1942,0.0,3614575000.0,2681175000.0,6660750000.0,6.883,64.113,10.1221,0.4711,-0.2475,0.006,-0.0353,-0.8881,LH,99.139999,98.2171426,8932513909.9
2013-06-30,-0.0038,-0.0155,-0.0091,0.0377,0.0385,-0.2614,0.0809,0.0545,0.1898,0.1086,0.1088,0.0,-0.4166,0.0,0.005,-0.0243,-0.0403,1468200000.0,0.0315,890900000.0,577300000.0,0.0,280900000.0,308000000.0,269300000.0,23100000.0,249600000.0,97700000.0,400000.0,0.0,151900000.0,0.0,151900000.0,1.65,1.62,92900000.0,0.0,0.3932,0.224,0.1857,0.103,0.0605,329600000.0,272700000.0,152300000.0,5733800000.0,0.0207,3490200000.0,2243600000.0,0.0,1128000000.0,1251900000.0,991700000.0,99300000.0,908200000.0,340900000.0,1600000.0,0.0,567300000.0,0.0,567300000.0,6.07,5.98,92900000.0,0.0,0.3913,0.216,0.1757,0.099,0.1043,1236900000.0,1007500000.0,568900000.0,28.67,21.518,0.956,27.0172,1.1981,0.9424,0.3808,11.8052,1.752,0.9059,0.0,0.6967,0.1913,0.0,492900000.0,1999000000.0,-2760100000.0,3742500000.0,775750000.0,243950000.0,120200000.0,-0.3547,0.0074,7.2773,-0.0332,-0.8576,0.209,0.085,0.1046,0.176,5.0,0.857,1.3993,16.1308,51.9255,8.0463,7.3913,23.504,47.7022,0.0,11.0,0.1967,0.0,3473450000.0,2718950000.0,6692650000.0,6.435,61.72,10.146,0.4977,-0.2469,0.0068,-0.0342,-0.8544,LH,100.099998,99.45794111764705,9299289814.2
2013-03-31,-0.0068,-0.0867,-0.0891,-0.0482,-0.0429,0.0056,0.0716,0.1167,0.095,0.056,0.1589,0.0,-0.0393,0.0,0.0442,-0.0874,-0.0422,1440900000.0,0.0124,868700000.0,572200000.0,0.0,283200000.0,310200000.0,262000000.0,24500000.0,241000000.0,93800000.0,400000.0,0.0,147200000.0,0.0,147200000.0,1.58,1.56,93100000.0,0.0,0.3971,0.223,0.1843,0.102,0.1086,321000000.0,265500000.0,147600000.0,5689000000.0,0.0164,3443200000.0,2245800000.0,0.0,1126600000.0,1247400000.0,998400000.0,97500000.0,914300000.0,345600000.0,1700000.0,0.0,568700000.0,0.0,568700000.0,6.01,5.92,93100000.0,0.0,0.3948,0.218,0.1779,0.1,0.1162,1240400000.0,1011800000.0,570400000.0,29.842,21.808,1.681,24.9506,1.9957,0.8361,0.3536,10.8367,1.607,1.3465,0.0,0.6909,0.1965,0.0,449500000.0,2030300000.0,-2580200000.0,3426900000.0,772750000.0,236150000.0,115500000.0,-0.2104,0.0078,6.6576,-0.0289,-0.7514,0.21,0.087,0.1081,0.178,5.0,0.866,1.4814,15.8216,50.9293,7.9557,7.362,24.0906,49.2554,0.0,10.0,0.198,0.0,3308325000.0,2711050000.0,6569250000.0,7.102,61.106,10.3774,0.5246,-0.2152,0.0071,-0.0319,-0.7931,LH,90.199997,89.20030299999996,8397619720.7
2012-12-31,-0.0211,-0.1052,-0.1123,-0.0725,-0.0593,-0.0876,0.1118,0.1371,0.1954,0.0267,0.0921,0.0,-0.2241,0.0,0.0314,-0.1301,-0.0454,1405300000.0,0.0287,867300000.0,538000000.0,0.0,278800000.0,322700000.0,215300000.0,27600000.0,191100000.0,70900000.0,400000.0,0.0,120200000.0,0.0,120200000.0,1.28,1.27,94600000.0,0.0,0.3828,0.198,0.1556,0.086,0.1372,278100000.0,218700000.0,120600000.0,5671400000.0,0.0233,3421700000.0,2249700000.0,0.0,1114600000.0,1226200000.0,1023500000.0,94500000.0,942500000.0,359400000.0,1700000.0,0.0,583100000.0,0.0,583100000.0,6.09,5.99,94600000.0,0.0,0.3967,0.223,0.1828,0.103,0.1177,1266800000.0,1037000000.0,584800000.0,28.725,23.526,2.038,28.0655,4.9345,0.977,0.3907,7.9239,1.353,2.1148,0.0,0.6725,0.1984,0.0,363300000.0,2225600000.0,-2665100000.0,3385300000.0,709150000.0,247350000.0,115900000.0,-0.2415,0.0042,7.8684,-0.0437,-1.0337,0.219,0.09,0.1111,0.183,5.0,0.878,1.443,15.2464,46.2412,7.7873,7.9975,22.9286,48.9336,0.0,10.0,0.1965,0.0,3215600000.0,2665875000.0,6459550000.0,7.057,59.951,10.9735,0.5866,-0.2066,0.0072,-0.0306,-0.7563,LH,86.620003,85.03529394117646,8194252283.799999
2012-09-30,-0.0218,0.0569,0.102,0.1642,0.1679,0.1527,0.1257,0.1294,0.341,0.0698,0.1455,0.0,0.1708,0.0,0.0046,0.0238,-0.0542,1419400000.0,0.0106,863300000.0,556100000.0,0.0,285100000.0,311000000.0,245100000.0,24100000.0,226500000.0,78500000.0,400000.0,0.0,148000000.0,0.0,148000000.0,1.56,1.53,95900000.0,0.0,0.3918,0.217,0.1766,0.104,0.1125,308200000.0,250600000.0,148400000.0,5632200000.0,0.0294,3370900000.0,2261300000.0,0.0,1106100000.0,1205600000.0,1055700000.0,89100000.0,973600000.0,375300000.0,4100000.0,0.0,598300000.0,0.0,598300000.0,6.19,6.07,95900000.0,0.0,0.4015,0.229,0.1887,0.106,0.1284,1290900000.0,1062700000.0,602400000.0,28.328,23.612,1.665,27.7383,4.8592,0.9792,0.3904,10.3983,1.301,1.377,0.0,0.6677,0.2009,0.0,336400000.0,2264400000.0,-2620900000.0,3339100000.0,743800000.0,235150000.0,111350000.0,-0.2164,0.0078,7.1191,-0.0311,-0.7656,0.229,0.095,0.1159,0.189,7.0,0.896,1.4471,16.033,49.8293,7.7054,7.5722,23.9515,50.5811,0.0,10.0,0.1964,0.0,3153875000.0,2612400000.0,6288750000.0,7.542,58.73,11.927,0.6307,-0.1646,0.0083,-0.0253,-0.6245,LH,92.470001,89.4976474117647,8867873095.9
2012-06-30,-0.0148,0.2339,0.2474,0.3033,0.3,0.0076,-0.0113,0.056,0.0531,0.0294,0.0674,0.0,0.0942,0.0,-0.1339,0.2229,-0.0339,1423400000.0,0.0143,843900000.0,579500000.0,0.0,279500000.0,303500000.0,276000000.0,21300000.0,255700000.0,102400000.0,500000.0,0.0,153300000.0,0.0,153300000.0,1.59,1.56,96800000.0,0.0,0.4071,0.234,0.1946,0.108,0.1069,333100000.0,277000000.0,153800000.0,5617300000.0,0.0512,3343600000.0,2273700000.0,0.0,1104800000.0,1223700000.0,1050000000.0,85300000.0,963900000.0,379300000.0,7000000.0,0.0,584600000.0,0.0,584600000.0,5.97,5.85,96800000.0,0.0,0.4048,0.227,0.1868,0.104,0.1246,1277500000.0,1049200000.0,591600000.0,27.188,18.753,1.572,21.7934,1.2851,0.8016,0.3459,13.0047,1.48,1.2153,0.0,0.7023,0.1964,0.0,344800000.0,1815300000.0,-2383000000.0,3082000000.0,725300000.0,223500000.0,110400000.0,-0.183,0.0084,5.9598,-0.024,-0.6078,0.228,0.096,0.1222,0.187,7.0,0.921,1.4348,15.2373,47.8107,7.4075,7.7448,25.1333,50.8813,0.0,10.0,0.1967,0.0,3002775000.0,2569050000.0,6098475000.0,7.231,58.03,12.3001,0.6347,-0.1655,0.0084,-0.0247,-0.608,LH,92.610001,86.48628605714283,8964648096.8
2012-03-31,0.0135,0.2412,0.2714,0.3071,0.3252,-0.0845,-0.0114,0.1133,-0.0378,0.048,0.0918,0.0,-0.1237,0.0,-0.041,0.2176,-0.028,1423300000.0,0.0401,847200000.0,576100000.0,0.0,271200000.0,289000000.0,287100000.0,21500000.0,269200000.0,107600000.0,400000.0,0.0,161600000.0,0.0,161600000.0,1.66,1.63,97200000.0,0.0,0.4048,0.244,0.2042,0.114,0.1145,347400000.0,290700000.0,162000000.0,5597200000.0,0.0808,3314800000.0,2282400000.0,0.0,1148000000.0,1282700000.0,999700000.0,85000000.0,911700000.0,357500000.0,10300000.0,0.0,554200000.0,0.0,554200000.0,5.6,5.49,97200000.0,0.0,0.4078,0.219,0.1781,0.099,0.1227,1226700000.0,996700000.0,564500000.0,26.724,18.865,1.676,21.8251,1.3364,0.8167,0.346,13.5209,1.407,1.2197,0.0,0.7009,0.1905,0.0,312700000.0,1833700000.0,-2430500000.0,3056000000.0,734500000.0,220550000.0,102500000.0,-0.1735,0.0083,5.7326,-0.024,-0.6032,0.217,0.091,0.1169,0.178,6.0,0.915,1.511,14.7182,49.0192,6.9776,7.6204,25.3784,54.6068,0.0,11.0,0.2051,0.0,2908950000.0,2556050000.0,6115975000.0,7.067,57.584,11.7259,0.6228,-0.1797,0.0085,-0.0269,-0.6543,LH,91.540001,89.55371448571428,8897688097.2
2011-12-31,0.0378,0.0539,0.0273,0.0615,0.0887,0.0748,-0.0123,0.0417,0.0149,0.0674,0.0716,0.0,0.0976,0.0,-0.0077,0.0364,-0.0256,1366100000.0,0.0546,816500000.0,549600000.0,0.0,270300000.0,302100000.0,247500000.0,22200000.0,222200000.0,86800000.0,2800000.0,0.0,135400000.0,0.0,135400000.0,1.38,1.35,99100000.0,0.0,0.4023,0.221,0.1789,0.099,0.1819,302200000.0,244400000.0,138200000.0,5542300000.0,0.1076,3267600000.0,2274700000.0,0.0,1159600000.0,1326300000.0,948400000.0,87500000.0,852700000.0,333000000.0,13400000.0,0.0,519700000.0,0.0,519700000.0,5.2,5.11,99100000.0,0.0,0.4104,0.211,0.1696,0.094,0.1281,1171600000.0,940200000.0,533100000.0,25.262,18.257,2.508,22.4117,1.6075,0.8872,0.3634,11.009,1.447,2.0576,0.0,0.704,0.1979,0.0,327400000.0,1809300000.0,-2528100000.0,3138400000.0,677700000.0,257800000.0,107100000.0,-0.108,0.0086,6.8223,-0.022,-0.5208,0.207,0.085,0.1111,0.17,5.0,0.904,1.6463,16.978,46.0868,7.297,8.1781,21.4984,51.7488,0.0,11.0,0.2092,0.0,2825325000.0,2506750000.0,6133725000.0,7.163,55.926,10.7451,0.5738,-0.1703,0.0088,-0.0263,-0.6296,LH,85.970001,83.64147026470589,8519627099.099999
2011-09-30,0.0773,0.0085,-0.0407,-0.0219,-0.0224,0.0034,0.1992,0.1358,0.4737,0.139,0.1769,0.0,-0.0388,0.0,0.0492,0.0174,-0.0136,1404500000.0,0.1003,836000000.0,568500000.0,0.0,283800000.0,329100000.0,239400000.0,20300000.0,216800000.0,82500000.0,3300000.0,0.0,134300000.0,0.0,134300000.0,1.34,1.31,101400000.0,0.0,0.4048,0.21,0.1688,0.096,0.0971,294800000.0,237100000.0,137600000.0,5471600000.0,0.1227,3216900000.0,2254700000.0,0.0,1161700000.0,1315000000.0,939700000.0,84600000.0,843100000.0,327000000.0,13900000.0,0.0,516100000.0,0.0,516100000.0,5.13,4.98,101400000.0,0.0,0.4121,0.211,0.1695,0.094,0.1257,1154200000.0,927700000.0,530000000.0,25.082,17.94,1.345,19.5621,0.8462,0.7799,0.3277,11.6798,1.092,1.3165,0.0,0.6995,0.2021,0.0,90400000.0,1819100000.0,-2417700000.0,2734700000.0,674850000.0,200000000.0,96000000.0,-0.2285,0.0083,6.4376,-0.0288,-0.7002,0.207,0.084,0.1134,0.17,5.0,0.889,1.6202,14.8692,47.9431,6.9243,8.1079,27.358,56.9958,0.0,11.0,0.2123,0.0,2728125000.0,2497450000.0,6152725000.0,6.783,53.961,10.9657,0.7728,-0.1775,0.0087,-0.0271,-0.6552,LH,79.050003,81.81527752777778,8015670304.200001
2011-06-30,0.1023,-0.1716,-0.2004,-0.1757,-0.1781,-0.1448,0.244,0.2122,0.5144,0.1574,0.2375,0.0,-0.2345,0.0,0.315,-0.1656,-0.0365,1403300000.0,0.1332,815100000.0,588200000.0,0.0,322700000.0,362500000.0,225700000.0,21000000.0,203500000.0,80600000.0,3800000.0,0.0,122900000.0,0.0,122900000.0,1.22,1.2,100200000.0,0.0,0.4192,0.201,0.16,0.088,0.0991,282300000.0,224500000.0,126700000.0,5343600000.0,0.1174,3129700000.0,2213900000.0,0.0,1148400000.0,1278300000.0,935600000.0,85900000.0,839800000.0,318000000.0,13700000.0,0.0,521800000.0,0.0,521800000.0,5.16,5.01,100200000.0,0.0,0.4143,0.214,0.1732,0.098,0.1297,1145100000.0,925700000.0,535500000.0,25.747,18.443,1.388,19.993,1.1866,0.7765,0.3248,10.6905,1.056,1.5045,0.0,0.7004,0.23,0.0,57900000.0,1848000000.0,-2483500000.0,2706700000.0,666200000.0,203950000.0,96550000.0,-0.2477,0.0088,6.6752,-0.0326,-0.7924,0.215,0.088,0.1121,0.173,5.0,0.905,1.6014,14.515,48.8251,7.2951,8.021,26.2005,55.3454,0.0,13.0,0.2149,0.0,2526575000.0,2429175000.0,5901325000.0,6.919,53.329,10.7765,0.8099,-0.1703,0.0086,-0.0266,-0.6486,LH,96.790001,97.6108337222222,9698358100.2
2011-03-31,0.1213,0.0,-0.0422,0.0,-0.016,-0.072,0.2569,0.1644,0.6598,0.1677,0.1879,0.0,-0.1041,0.0,0.1496,0.0068,-0.0449,1368400000.0,0.1464,800000000.0,568400000.0,0.0,282800000.0,332600000.0,235800000.0,24000000.0,210200000.0,83100000.0,3500000.0,0.0,127100000.0,0.0,127100000.0,1.27,1.23,100000000.0,0.0,0.4154,0.214,0.1711,0.093,0.1359,292300000.0,234200000.0,130600000.0,5178700000.0,0.0943,3019400000.0,2159300000.0,0.0,1071100000.0,1178900000.0,980400000.0,79400000.0,892800000.0,340200000.0,13400000.0,0.0,552600000.0,0.0,552600000.0,5.42,5.27,100000000.0,0.0,0.417,0.229,0.1877,0.107,0.1421,1183900000.0,972200000.0,566000000.0,24.004,19.119,1.859,22.047,1.954,0.9185,0.3555,9.7583,0.957,1.6939,0.0,0.6917,0.2067,0.0,-52100000.0,1911900000.0,-2632400000.0,2721500000.0,665800000.0,192350000.0,90250000.0,-0.1366,0.0096,6.8741,-0.0215,-0.506,0.237,0.099,0.1182,0.188,4.0,0.925,1.5688,15.1816,50.556,6.9071,7.7782,26.9233,57.3817,0.0,11.0,0.2068,0.0,2327275000.0,2336475000.0,5598850000.0,7.359,51.787,12.2443,1.0478,-0.1511,0.0086,-0.0253,-0.6188,LH,92.129997,89.18194361111112,9212999700.0
2010-12-31,0.1126,0.0796,-0.0764,-0.037,-0.0534,0.1535,0.2791,0.2229,0.5694,0.1418,0.1489,0.0,0.21,0.0,0.1326,0.1066,-0.0424,1295400000.0,0.1118,765800000.0,529600000.0,0.0,272400000.0,290800000.0,238800000.0,19300000.0,212600000.0,80800000.0,3300000.0,0.0,131800000.0,0.0,131800000.0,1.3,1.24,101700000.0,0.0,0.4088,0.22,0.179,0.102,0.1748,284800000.0,231900000.0,135100000.0,5003900000.0,0.0659,2906100000.0,2097800000.0,0.0,1034300000.0,1119000000.0,978800000.0,70000000.0,902200000.0,344000000.0,13400000.0,0.0,558200000.0,0.0,558200000.0,5.42,5.29,101700000.0,0.0,0.4192,0.235,0.1943,0.112,0.1514,1175800000.0,972200000.0,571600000.0,24.251,18.804,2.226,21.5182,2.2684,0.8873,0.3537,12.0155,1.021,1.9666,0.0,0.6909,0.2103,0.0,23300000.0,1912400000.0,-2557100000.0,2749600000.0,614900000.0,220450000.0,96700000.0,-0.1265,0.0081,6.8739,-0.0253,-0.62,0.245,0.106,0.1182,0.194,5.0,0.947,1.5829,18.8047,47.8215,7.5423,8.1377,22.6986,51.7466,0.0,10.0,0.2067,0.0,2124575000.0,2275975000.0,5282000000.0,7.448,49.203,13.8886,0.9148,-0.1427,0.008,-0.0252,-0.6194,LH,87.91999799999999,84.66228568571428,8941463796.599998
2010-09-30,0.0594,0.0009,0.0654,0.123,0.1074,-0.2849,0.045,0.1789,-0.0391,-0.0093,0.0809,0.0,-0.3657,0.0,0.0938,0.0017,-0.0508,1276500000.0,0.0771,748800000.0,527700000.0,0.0,270500000.0,292400000.0,235300000.0,21600000.0,213500000.0,73500000.0,3100000.0,0.0,140000000.0,0.0,140000000.0,1.37,1.34,102800000.0,0.0,0.4134,0.224,0.1842,0.11,0.1112,285700000.0,235100000.0,143100000.0,4873600000.0,0.0484,2829400000.0,2044200000.0,0.0,1002400000.0,1088400000.0,955800000.0,65400000.0,889700000.0,320600000.0,13200000.0,0.0,569100000.0,0.0,569100000.0,5.47,5.36,102800000.0,0.0,0.4194,0.237,0.196,0.117,0.1474,1155600000.0,955100000.0,582300000.0,22.084,15.863,1.38,13.0934,0.9426,0.5929,0.2667,10.8843,0.997,1.2586,0.0,0.6769,0.2119,0.0,-2600000.0,1630700000.0,-1808700000.0,1928500000.0,633950000.0,175850000.0,84900000.0,-0.1947,0.0079,4.3721,-0.0269,-0.6779,0.26,0.115,0.1356,0.196,8.0,0.986,1.492,13.2636,47.2577,6.6056,7.6877,27.7145,57.404,0.0,10.0,0.2057,0.0,1893675000.0,2185925000.0,4944500000.0,6.986,47.409,14.604,1.1337,-0.1542,0.0082,-0.0269,-0.6529,LH,78.43,75.49444480555555,8062604000.000001
2010-06-30,0.0516,0.1048,0.1268,0.1746,0.1774,0.1853,0.052,0.1448,-0.0631,-0.0575,0.2121,0.0,0.1449,0.0,0.0341,0.1054,-0.0397,1238400000.0,0.0417,704800000.0,533600000.0,0.0,245400000.0,263100000.0,270500000.0,14500000.0,256500000.0,102800000.0,3500000.0,0.0,153700000.0,0.0,153700000.0,1.48,1.46,104000000.0,0.0,0.4309,0.259,0.2188,0.124,0.1467,321100000.0,271000000.0,157200000.0,4782200000.0,0.0399,2767600000.0,2014600000.0,0.0,979200000.0,1059200000.0,955400000.0,58800000.0,896100000.0,335600000.0,13300000.0,0.0,560500000.0,0.0,560500000.0,5.32,5.23,104000000.0,0.0,0.4213,0.241,0.1997,0.117,0.1673,1154300000.0,954900000.0,573800000.0,21.24,15.251,1.747,12.7192,0.9981,0.5988,0.2668,18.6897,1.023,1.4066,0.0,0.6801,0.1982,0.0,20200000.0,1586100000.0,-1814300000.0,1909500000.0,636450000.0,178000000.0,78750000.0,-0.1596,0.0086,3.7963,-0.0279,-0.6886,0.264,0.115,0.1381,0.2,8.0,0.978,1.6401,14.9138,47.1381,6.5868,7.5139,26.8663,60.7263,0.0,9.0,0.2048,0.0,1987675000.0,2125575000.0,4890125000.0,7.692,45.983,16.2398,1.0793,-0.1298,0.0082,-0.0249,-0.5983,LH,75.349998,77.16083377777777,7836399792.0
2010-03-31,0.0358,-0.025,-0.0008,0.0325,0.0246,0.1106,0.0221,0.228,-0.2239,-0.0818,0.0604,0.0,0.1644,0.0,0.0522,-0.0262,-0.0332,1193600000.0,0.0328,686700000.0,506900000.0,0.0,246000000.0,272700000.0,234200000.0,14600000.0,219600000.0,86900000.0,3500000.0,0.0,132700000.0,0.0,132700000.0,1.27,1.25,104700000.0,0.0,0.4247,0.238,0.1962,0.111,0.1738,284200000.0,234200000.0,136200000.0,4732600000.0,0.0384,2744200000.0,1988400000.0,0.0,971100000.0,1058800000.0,929600000.0,60500000.0,868700000.0,325500000.0,12800000.0,0.0,543200000.0,0.0,543200000.0,5.1,5.01,104700000.0,0.0,0.4201,0.238,0.1963,0.115,0.1642,1127000000.0,929200000.0,556000000.0,20.615,15.673,1.982,12.6867,1.6447,0.6154,0.2692,16.0411,1.107,1.7483,0.0,0.6674,0.2061,0.0,94600000.0,1641000000.0,-1774600000.0,1910700000.0,641650000.0,169800000.0,80150000.0,-0.1056,0.0073,4.0679,-0.0205,-0.49,0.262,0.112,0.1375,0.196,8.0,0.98,1.6302,13.0572,47.3777,6.3628,7.3757,27.8716,59.0468,0.0,10.0,0.2052,0.0,2093725000.0,2075650000.0,4828825000.0,7.421,45.202,15.3587,0.9317,-0.1225,0.008,-0.0229,-0.5485,LH,75.709999,73.74722230555558,7926836895.299999
2009-12-31,0.058,0.054,0.2083,0.2385,0.1909,0.0437,0.036,0.2686,-0.1899,-0.0909,-0.011,0.0,0.0453,0.0,0.0623,0.0558,-0.0167,1165100000.0,0.0411,689100000.0,476000000.0,0.0,240500000.0,260200000.0,215800000.0,14700000.0,200100000.0,57400000.0,3100000.0,0.0,142700000.0,0.0,142700000.0,1.35,1.31,106200000.0,0.0,0.4085,0.227,0.1844,0.122,0.1606,264600000.0,214800000.0,145800000.0,4694700000.0,0.0421,2723800000.0,1970900000.0,0.0,958900000.0,1035000000.0,935900000.0,62900000.0,872300000.0,329000000.0,12300000.0,0.0,543300000.0,0.0,543300000.0,5.06,4.98,106200000.0,0.0,0.4198,0.241,0.1992,0.116,0.1593,1130300000.0,935200000.0,555600000.0,19.831,15.052,1.762,13.1299,1.3983,0.6621,0.2882,14.6122,0.919,1.5746,0.0,0.6696,0.2064,0.0,-82800000.0,1598500000.0,-1796100000.0,1826000000.0,602900000.0,171400000.0,90500000.0,-0.1673,0.0088,4.7086,-0.0323,-0.755,0.273,0.113,0.1431,0.199,8.0,0.978,1.5873,14.2355,44.6425,6.9973,7.7869,27.3903,51.8751,0.0,10.0,0.2043,0.0,2264150000.0,1990550000.0,4802175000.0,7.04,44.206,14.868,1.2998,-0.133,0.0078,-0.0244,-0.5879,LH,74.839996,74.27057125714288,7948007575.2
2009-09-30,0.0791,0.1532,0.1743,0.1961,0.21,0.2675,0.0453,0.2548,-0.1888,-0.0395,-0.0664,0.0,0.463,0.0,0.0889,0.1617,-0.0261,1185100000.0,0.044,687000000.0,498100000.0,0.0,247300000.0,263200000.0,234900000.0,15000000.0,219900000.0,88500000.0,3200000.0,0.0,131400000.0,0.0,131400000.0,1.22,1.21,108300000.0,0.0,0.4203,0.24,0.1982,0.111,0.1888,284400000.0,234900000.0,134600000.0,4648700000.0,0.0585,2703900000.0,1944800000.0,0.0,944800000.0,1020300000.0,924500000.0,66200000.0,858000000.0,339300000.0,12300000.0,0.0,518700000.0,0.0,518700000.0,4.8,4.77,108300000.0,0.0,0.4184,0.24,0.1988,0.112,0.1591,1115700000.0,924200000.0,531000000.0,18.733,15.079,2.066,12.9344,1.1708,0.6905,0.29,15.66,1.622,1.8752,0.0,0.6619,0.2087,0.0,374900000.0,1633100000.0,-1683400000.0,2304500000.0,650000000.0,164350000.0,84500000.0,-0.0921,0.0078,4.4796,-0.0192,-0.4586,0.275,0.109,0.1416,0.199,9.0,0.977,1.6445,13.709,50.0072,6.407,7.1518,28.2854,55.0142,0.0,9.0,0.2032,0.0,2465000000.0,1886100000.0,4760100000.0,6.829,42.924,13.9607,0.5973,-0.1329,0.0076,-0.0244,-0.5922,LH,65.699997,68.0711108888889,7115309675.099999
2009-06-30,0.0317,0.2573,0.309,0.3404,0.3478,-0.0632,0.0055,0.1461,-0.1493,-0.0302,-0.1624,0.0,0.0325,0.0,-0.1079,0.2536,-0.027,1188800000.0,0.0357,681400000.0,507400000.0,0.0,237300000.0,262700000.0,244700000.0,16200000.0,229100000.0,92700000.0,3000000.0,0.0,136400000.0,0.0,136400000.0,1.26,1.24,108300000.0,0.0,0.4268,0.247,0.2063,0.115,0.1335,293800000.0,245300000.0,139400000.0,4598700000.0,0.0751,2690400000.0,1908300000.0,0.0,924600000.0,1016500000.0,891800000.0,68000000.0,825000000.0,325800000.0,12100000.0,0.0,499200000.0,0.0,499200000.0,4.6,4.56,108300000.0,0.0,0.415,0.235,0.1942,0.109,0.1454,1080200000.0,893000000.0,511300000.0,18.553,15.715,1.465,13.0369,2.0923,0.7027,0.2996,15.142,1.906,1.3372,0.0,0.6389,0.1996,0.0,501500000.0,1701900000.0,-1519800000.0,2333700000.0,665500000.0,156600000.0,78100000.0,-0.1299,0.0081,4.0344,-0.0199,-0.4887,0.278,0.106,0.142,0.194,8.0,0.977,1.6046,12.7469,52.0113,5.6512,6.9101,29.3659,58.8822,0.0,10.0,0.2011,0.0,2408725000.0,1793925000.0,4707775000.0,6.175,42.463,13.1324,0.5001,-0.165,0.0076,-0.0287,-0.7062,LH,67.790001,63.0722224722222,7341657108.3
2009-03-31,0.0402,-0.0066,0.0192,0.0424,0.0702,0.1836,0.0539,0.0893,0.0168,-0.0671,-0.0649,0.0,0.2857,0.0,0.0844,-0.0025,-0.0199,1155700000.0,0.0476,666300000.0,489400000.0,0.0,233800000.0,248900000.0,240500000.0,17000000.0,223200000.0,90400000.0,3000000.0,0.0,132800000.0,0.0,132800000.0,1.23,1.22,108300000.0,0.0,0.4235,0.249,0.2078,0.115,0.1542,287500000.0,240200000.0,135800000.0,4557700000.0,0.0923,2665000000.0,1892700000.0,0.0,953300000.0,1050400000.0,842300000.0,69100000.0,773700000.0,306700000.0,12700000.0,0.0,467000000.0,0.0,467000000.0,4.28,4.24,108300000.0,0.0,0.4153,0.225,0.1849,0.102,0.1456,1026300000.0,842800000.0,479700000.0,16.787,17.101,1.645,15.8033,3.446,0.9414,0.3545,14.1294,2.03,1.573,0.0,0.6164,0.2023,0.0,616000000.0,1852000000.0,-1676700000.0,2592400000.0,693050000.0,157850000.0,80500000.0,-0.147,0.0062,4.655,-0.0266,-0.649,0.268,0.099,0.1364,0.185,6.0,0.969,1.7415,13.6383,53.5764,6.2306,6.5763,28.8736,56.6174,0.0,9.0,0.2092,0.0,2345175000.0,1742025000.0,4701375000.0,6.129,42.084,12.1968,0.4176,-0.1838,0.0076,-0.0328,-0.8147,LH,58.490002000000004,58.17611122222221,6334467216.6
2008-12-31,0.1098,-0.0092,0.0323,0.0792,0.1224,-0.1044,0.069,0.0437,0.0326,0.0135,0.1318,0.0,-0.1323,0.0,0.1516,0.1218,-0.0625,1119100000.0,0.1126,669200000.0,449900000.0,0.0,226400000.0,245500000.0,204400000.0,18000000.0,185800000.0,67700000.0,3100000.0,0.0,118100000.0,0.0,118100000.0,1.09,1.1,108000000.0,0.0,0.402,0.223,0.1821,0.106,0.1599,250000000.0,203800000.0,121200000.0,4505200000.0,0.1074,2631400000.0,1873800000.0,0.0,935100000.0,1030900000.0,842900000.0,72000000.0,772400000.0,307900000.0,13300000.0,0.0,464500000.0,0.0,464500000.0,4.23,4.16,108000000.0,0.0,0.4159,0.227,0.1874,0.103,0.1386,1024100000.0,844400000.0,477800000.0,15.632,15.506,1.657,15.938,2.0343,1.0195,0.3686,11.3222,1.888,1.823,0.0,0.6414,0.2023,0.0,485900000.0,1674700000.0,-1827100000.0,2629400000.0,627400000.0,146950000.0,85700000.0,-0.1686,0.0082,6.0064,-0.0324,-0.7857,0.271,0.1,0.135,0.187,7.0,0.971,1.6812,12.9385,51.1706,7.3726,7.1807,30.658,52.5694,0.0,10.0,0.2076,0.0,2225875000.0,1713250000.0,4639700000.0,5.78,41.715,11.7278,0.4729,-0.2007,0.008,-0.0348,-0.872,LH,64.410004,62.43742837142857,6956280432.0
2008-09-30,0.0936,0.02,0.0063,0.0737,0.087,0.4908,0.0965,-0.1205,0.3658,0.0005,0.0594,0.0,0.6112,0.0,0.147,0.1302,-0.052,1135100000.0,0.1122,673500000.0,461600000.0,0.0,227100000.0,259400000.0,202200000.0,16800000.0,186900000.0,75000000.0,3000000.0,0.0,111900000.0,0.0,111900000.0,1.02,1.0,111200000.0,0.0,0.4067,0.219,0.1795,0.099,0.1347,248900000.0,203700000.0,114900000.0,4391900000.0,0.1088,2562600000.0,1829300000.0,0.0,905300000.0,1008600000.0,820700000.0,72800000.0,773500000.0,312700000.0,10200000.0,0.0,460800000.0,0.0,460800000.0,4.15,4.04,111200000.0,0.0,0.4165,0.233,0.1927,0.105,0.1483,1022400000.0,846300000.0,471000000.0,14.929,13.712,1.375,15.5297,0.4442,1.0402,0.3737,12.125,0.788,1.7373,0.0,0.67,0.2001,0.0,-238000000.0,1524800000.0,-1935000000.0,2079400000.0,662950000.0,140200000.0,84950000.0,-0.2135,0.008,6.7397,-0.0366,-0.9181,0.268,0.101,0.1284,0.193,4.0,0.962,1.7491,12.8069,55.1086,7.2636,6.6248,31.326,51.6998,0.0,11.0,0.2061,0.0,2258025000.0,1722500000.0,4564375000.0,5.859,39.496,11.625,1.8028,-0.1917,0.0082,-0.0352,-0.8773,LH,69.5,72.54333341666666,7728400000.0
